aa2440,GIRTON_UGRAD
aa2498,GIRTON_UGRAD
aa2522,GIRTON_UGRAD
aam85,GIRTON_UGRAD
aam87,GIRTON_UGRAD
aar51,GIRTON_UGRAD
ab2901,GIRTON_UGRAD
ab2924,GIRTON_UGRAD
ac2420,GIRTON_UGRAD
ac2607,GIRTON_UGRAD
ac2621,GIRTON_UGRAD
ac2633,GIRTON_UGRAD
adc91,GIRTON_UGRAD
adg52,GIRTON_UGRAD
aeg65,GIRTON_UGRAD
af847,GIRTON_UGRAD
afgfe2,GIRTON_UGRAD
ag2225,GIRTON_UGRAD
ah2252,GIRTON_UGRAD
ah2269,GIRTON_UGRAD
ahjc2,GIRTON_UGRAD
aies2,GIRTON_UGRAD
aj676,GIRTON_UGRAD
ajah3,GIRTON_UGRAD
ajd245,GIRTON_UGRAD
ajd246,GIRTON_UGRAD
ajm366,GIRTON_UGRAD
ajt217,GIRTON_UGRAD
ajw309,GIRTON_UGRAD
ak2459,GIRTON_UGRAD
ak2520,GIRTON_UGRAD
al2005,GIRTON_UGRAD
al2067,GIRTON_UGRAD
al2131,GIRTON_UGRAD
am2875,GIRTON_UGRAD
am2982,GIRTON_UGRAD
am2983,GIRTON_UGRAD
am2987,GIRTON_UGRAD
am3080,GIRTON_UGRAD
am3089,GIRTON_UGRAD
am3094,GIRTON_UGRAD
am3210,GIRTON_UGRAD
am3243,GIRTON_UGRAD
amm307,GIRTON_UGRAD
an700,GIRTON_UGRAD
anls2,GIRTON_UGRAD
aov20,GIRTON_UGRAD
ap2199,GIRTON_UGRAD
ap2206,GIRTON_UGRAD
ap2267,GIRTON_UGRAD
ap2282,GIRTON_UGRAD
aq248,GIRTON_UGRAD
ar2169,GIRTON_UGRAD
ar2184,GIRTON_UGRAD
ar2185,GIRTON_UGRAD
ar2244,GIRTON_UGRAD
ark61,GIRTON_UGRAD
arw96,GIRTON_UGRAD
as3087,GIRTON_UGRAD
as3095,GIRTON_UGRAD
as3190,GIRTON_UGRAD
as3195,GIRTON_UGRAD
as3328,GIRTON_UGRAD
as3500,GIRTON_UGRAD
asc86,GIRTON_UGRAD
asd58,GIRTON_UGRAD
asl60,GIRTON_UGRAD
at2022,GIRTON_UGRAD
at2025,GIRTON_UGRAD
at977,GIRTON_UGRAD
au277,GIRTON_UGRAD
av670,GIRTON_UGRAD
aw2042,GIRTON_UGRAD
aw948,GIRTON_UGRAD
aw992,GIRTON_UGRAD
ba437,GIRTON_UGRAD
bb612,GIRTON_UGRAD
bc578,GIRTON_UGRAD
be297,GIRTON_UGRAD
bh526,GIRTON_UGRAD
bh551,GIRTON_UGRAD
bhm28,GIRTON_UGRAD
bjm68,GIRTON_UGRAD
bk455,GIRTON_UGRAD
bl503,GIRTON_UGRAD
blb41,GIRTON_UGRAD
bma35,GIRTON_UGRAD
bn306,GIRTON_UGRAD
bn314,GIRTON_UGRAD
bo296,GIRTON_UGRAD
bwzt2,GIRTON_UGRAD
bz295,GIRTON_UGRAD
caf74,GIRTON_UGRAD
car88,GIRTON_UGRAD
cb2267,GIRTON_UGRAD
cbc38,GIRTON_UGRAD
cc2065,GIRTON_UGRAD
cc2067,GIRTON_UGRAD
cc2081,GIRTON_UGRAD
cc2156,GIRTON_UGRAD
cc2209,GIRTON_UGRAD
cda28,GIRTON_UGRAD
cds57,GIRTON_UGRAD
cf605,GIRTON_UGRAD
ch2015,GIRTON_UGRAD
ch900,GIRTON_UGRAD
ci253,GIRTON_UGRAD
cj498,GIRTON_UGRAD
cl848,GIRTON_UGRAD
cl885,GIRTON_UGRAD
cl980,GIRTON_UGRAD
cm2078,GIRTON_UGRAD
cm2082,GIRTON_UGRAD
cm2118,GIRTON_UGRAD
cmvd2,GIRTON_UGRAD
co431,GIRTON_UGRAD
co458,GIRTON_UGRAD
cq248,GIRTON_UGRAD
cs2186,GIRTON_UGRAD
ct636,GIRTON_UGRAD
cw803,GIRTON_UGRAD
cw804,GIRTON_UGRAD
cy339,GIRTON_UGRAD
dar73,GIRTON_UGRAD
df447,GIRTON_UGRAD
dh667,GIRTON_UGRAD
dh669,GIRTON_UGRAD
djam2,GIRTON_UGRAD
dm2019,GIRTON_UGRAD
dnw23,GIRTON_UGRAD
dp706,GIRTON_UGRAD
dpb43,GIRTON_UGRAD
ds2031,GIRTON_UGRAD
ds2036,GIRTON_UGRAD
dy294,GIRTON_UGRAD
eab86,GIRTON_UGRAD
eb989,GIRTON_UGRAD
eb991,GIRTON_UGRAD
eb993,GIRTON_UGRAD
ec753,GIRTON_UGRAD
ec800,GIRTON_UGRAD
ec893,GIRTON_UGRAD
ech71,GIRTON_UGRAD
ed563,GIRTON_UGRAD
ed631,GIRTON_UGRAD
ed668,GIRTON_UGRAD
ef459,GIRTON_UGRAD
efg29,GIRTON_UGRAD
egp37,GIRTON_UGRAD
eh685,GIRTON_UGRAD
eh693,GIRTON_UGRAD
eh694,GIRTON_UGRAD
eh717,GIRTON_UGRAD
eh777,GIRTON_UGRAD
ej377,GIRTON_UGRAD
ejb229,GIRTON_UGRAD
ejbc3,GIRTON_UGRAD
ek559,GIRTON_UGRAD
ek610,GIRTON_UGRAD
ekc37,GIRTON_UGRAD
el571,GIRTON_UGRAD
els78,GIRTON_UGRAD
em913,GIRTON_UGRAD
eo364,GIRTON_UGRAD
es2047,GIRTON_UGRAD
es826,GIRTON_UGRAD
es934,GIRTON_UGRAD
es999,GIRTON_UGRAD
et487,GIRTON_UGRAD
ew604,GIRTON_UGRAD
ew671,GIRTON_UGRAD
fa427,GIRTON_UGRAD
fadvm2,GIRTON_UGRAD
fb532,GIRTON_UGRAD
fb601,GIRTON_UGRAD
fe273,GIRTON_UGRAD
fefb2,GIRTON_UGRAD
fev28,GIRTON_UGRAD
fg406,GIRTON_UGRAD
fh431,GIRTON_UGRAD
fjd36,GIRTON_UGRAD
fje27,GIRTON_UGRAD
fn274,GIRTON_UGRAD
fp415,GIRTON_UGRAD
fp424,GIRTON_UGRAD
fpd23,GIRTON_UGRAD
ft317,GIRTON_UGRAD
ft341,GIRTON_UGRAD
ft342,GIRTON_UGRAD
fws21,GIRTON_UGRAD
fzr21,GIRTON_UGRAD
ga445,GIRTON_UGRAD
gal37,GIRTON_UGRAD
gb674,GIRTON_UGRAD
gb732,GIRTON_UGRAD
gd510,GIRTON_UGRAD
gec50,GIRTON_UGRAD
gf381,GIRTON_UGRAD
gg497,GIRTON_UGRAD
gjp36,GIRTON_UGRAD
gk473,GIRTON_UGRAD
gm731,GIRTON_UGRAD
gm770,GIRTON_UGRAD
gq210,GIRTON_UGRAD
gr489,GIRTON_UGRAD
gtl23,GIRTON_UGRAD
ha516,GIRTON_UGRAD
ha522,GIRTON_UGRAD
ha554,GIRTON_UGRAD
hb673,GIRTON_UGRAD
hc614,GIRTON_UGRAD
hem53,GIRTON_UGRAD
hem54,GIRTON_UGRAD
hg469,GIRTON_UGRAD
hl600,GIRTON_UGRAD
hln35,GIRTON_UGRAD
hs797,GIRTON_UGRAD
hseh2,GIRTON_UGRAD
hsi21,GIRTON_UGRAD
ht467,GIRTON_UGRAD
ht486,GIRTON_UGRAD
hw646,GIRTON_UGRAD
hy371,GIRTON_UGRAD
hz439,GIRTON_UGRAD
iab39,GIRTON_UGRAD
ic392,GIRTON_UGRAD
id347,GIRTON_UGRAD
id402,GIRTON_UGRAD
ig434,GIRTON_UGRAD
ig439,GIRTON_UGRAD
igc26,GIRTON_UGRAD
igp26,GIRTON_UGRAD
ih376,GIRTON_UGRAD
ih387,GIRTON_UGRAD
ih390,GIRTON_UGRAD
il324,GIRTON_UGRAD
im510,GIRTON_UGRAD
im546,GIRTON_UGRAD
in278,GIRTON_UGRAD
ipc25,GIRTON_UGRAD
ir321,GIRTON_UGRAD
ir358,GIRTON_UGRAD
irc29,GIRTON_UGRAD
iss32,GIRTON_UGRAD
it351,GIRTON_UGRAD
it352,GIRTON_UGRAD
ja752,GIRTON_UGRAD
jad228,GIRTON_UGRAD
jas323,GIRTON_UGRAD
jb2479,GIRTON_UGRAD
jb2567,GIRTON_UGRAD
jbb53,GIRTON_UGRAD
jc2273,GIRTON_UGRAD
jch98,GIRTON_UGRAD
jd2054,GIRTON_UGRAD
jdb200,GIRTON_UGRAD
jdtj3,GIRTON_UGRAD
jeb237,GIRTON_UGRAD
jeob2,GIRTON_UGRAD
jh2341,GIRTON_UGRAD
jh2403,GIRTON_UGRAD
jh2482,GIRTON_UGRAD
jh2499,GIRTON_UGRAD
jjh86,GIRTON_UGRAD
jjl79,GIRTON_UGRAD
jjr58,GIRTON_UGRAD
jl2324,GIRTON_UGRAD
jl2410,GIRTON_UGRAD
jljl3,GIRTON_UGRAD
jm2392,GIRTON_UGRAD
jmc267,GIRTON_UGRAD
jmth2,GIRTON_UGRAD
jnb43,GIRTON_UGRAD
jnm44,GIRTON_UGRAD
jp866,GIRTON_UGRAD
jp903,GIRTON_UGRAD
jp954,GIRTON_UGRAD
jp991,GIRTON_UGRAD
jpp49,GIRTON_UGRAD
jpt50,GIRTON_UGRAD
jr819,GIRTON_UGRAD
jr963,GIRTON_UGRAD
jret2,GIRTON_UGRAD
js2581,GIRTON_UGRAD
js2582,GIRTON_UGRAD
js2668,GIRTON_UGRAD
js2753,GIRTON_UGRAD
js2856,GIRTON_UGRAD
jsfa2,GIRTON_UGRAD
jss208,GIRTON_UGRAD
jtb46,GIRTON_UGRAD
jtk37,GIRTON_UGRAD
jv447,GIRTON_UGRAD
jw2120,GIRTON_UGRAD
jw2180,GIRTON_UGRAD
jw2185,GIRTON_UGRAD
jw2298,GIRTON_UGRAD
jy513,GIRTON_UGRAD
jysl5,GIRTON_UGRAD
jz457,GIRTON_UGRAD
kb751,GIRTON_UGRAD
kb753,GIRTON_UGRAD
kb782,GIRTON_UGRAD
kd538,GIRTON_UGRAD
keg44,GIRTON_UGRAD
kims2,GIRTON_UGRAD
kip23,GIRTON_UGRAD
kj384,GIRTON_UGRAD
kl533,GIRTON_UGRAD
km813,GIRTON_UGRAD
kmn42,GIRTON_UGRAD
kmvv2,GIRTON_UGRAD
kn420,GIRTON_UGRAD
ko367,GIRTON_UGRAD
kp595,GIRTON_UGRAD
kr492,GIRTON_UGRAD
kr495,GIRTON_UGRAD
kr552,GIRTON_UGRAD
kr557,GIRTON_UGRAD
ks2027,GIRTON_UGRAD
ks2072,GIRTON_UGRAD
ks976,GIRTON_UGRAD
kt505,GIRTON_UGRAD
kt548,GIRTON_UGRAD
kw604,GIRTON_UGRAD
kwng2,GIRTON_UGRAD
kyc32,GIRTON_UGRAD
la490,GIRTON_UGRAD
lab208,GIRTON_UGRAD
laec2,GIRTON_UGRAD
lb977,GIRTON_UGRAD
lbdn2,GIRTON_UGRAD
lc863,GIRTON_UGRAD
lc955,GIRTON_UGRAD
ld643,GIRTON_UGRAD
ld675,GIRTON_UGRAD
ld697,GIRTON_UGRAD
lf519,GIRTON_UGRAD
lgh32,GIRTON_UGRAD
lgw33,GIRTON_UGRAD
lh787,GIRTON_UGRAD
lh792,GIRTON_UGRAD
lh801,GIRTON_UGRAD
lh845,GIRTON_UGRAD
ljfp2,GIRTON_UGRAD
ln356,GIRTON_UGRAD
lp572,GIRTON_UGRAD
lp623,GIRTON_UGRAD
lqb20,GIRTON_UGRAD
ls947,GIRTON_UGRAD
ls955,GIRTON_UGRAD
lt520,GIRTON_UGRAD
lt524,GIRTON_UGRAD
lt547,GIRTON_UGRAD
lw666,GIRTON_UGRAD
lw728,GIRTON_UGRAD
ma984,GIRTON_UGRAD
ma994,GIRTON_UGRAD
mab269,GIRTON_UGRAD
mac252,GIRTON_UGRAD
maf80,GIRTON_UGRAD
mag202,GIRTON_UGRAD
mak93,GIRTON_UGRAD
mbm54,GIRTON_UGRAD
mc2310,GIRTON_UGRAD
mc2369,GIRTON_UGRAD
mc2456,GIRTON_UGRAD
md950,GIRTON_UGRAD
md954,GIRTON_UGRAD
me511,GIRTON_UGRAD
mfl43,GIRTON_UGRAD
mg2043,GIRTON_UGRAD
mg2078,GIRTON_UGRAD
mg2154,GIRTON_UGRAD
mgm51,GIRTON_UGRAD
mh2249,GIRTON_UGRAD
mhb47,GIRTON_UGRAD
mht41,GIRTON_UGRAD
mj631,GIRTON_UGRAD
mjrs7,GIRTON_UGRAD
mk2220,GIRTON_UGRAD
mk2223,GIRTON_UGRAD
mkf31,GIRTON_UGRAD
ml2014,GIRTON_UGRAD
ml2072,GIRTON_UGRAD
mlb74,GIRTON_UGRAD
mn559,GIRTON_UGRAD
mp993,GIRTON_UGRAD
mr902,GIRTON_UGRAD
ms3012,GIRTON_UGRAD
mss87,GIRTON_UGRAD
mw845,GIRTON_UGRAD
mw926,GIRTON_UGRAD
mw943,GIRTON_UGRAD
mzdh2,GIRTON_UGRAD
nb684,GIRTON_UGRAD
nc580,GIRTON_UGRAD
nc608,GIRTON_UGRAD
nc641,GIRTON_UGRAD
nedt2,GIRTON_UGRAD
nh584,GIRTON_UGRAD
ni261,GIRTON_UGRAD
ni273,GIRTON_UGRAD
nm827,GIRTON_UGRAD
nr503,GIRTON_UGRAD
nr507,GIRTON_UGRAD
nvd24,GIRTON_UGRAD
nz295,GIRTON_UGRAD
oa306,GIRTON_UGRAD
ob378,GIRTON_UGRAD
oca21,GIRTON_UGRAD
odg22,GIRTON_UGRAD
of271,GIRTON_UGRAD
of283,GIRTON_UGRAD
oh324,GIRTON_UGRAD
ojto3,GIRTON_UGRAD
om362,GIRTON_UGRAD
om380,GIRTON_UGRAD
om397,GIRTON_UGRAD
oo312,GIRTON_UGRAD
os469,GIRTON_UGRAD
ot281,GIRTON_UGRAD
ow285,GIRTON_UGRAD
pb746,GIRTON_UGRAD
pb792,GIRTON_UGRAD
pc751,GIRTON_UGRAD
pd534,GIRTON_UGRAD
pet25,GIRTON_UGRAD
pj354,GIRTON_UGRAD
pj375,GIRTON_UGRAD
po308,GIRTON_UGRAD
ps921,GIRTON_UGRAD
ps969,GIRTON_UGRAD
pss49,GIRTON_UGRAD
qrh20,GIRTON_UGRAD
ra691,GIRTON_UGRAD
ral79,GIRTON_UGRAD
rard2,GIRTON_UGRAD
rb990,GIRTON_UGRAD
rc906,GIRTON_UGRAD
rcn30,GIRTON_UGRAD
re396,GIRTON_UGRAD
rjc213,GIRTON_UGRAD
rjr72,GIRTON_UGRAD
rl677,GIRTON_UGRAD
rm2012,GIRTON_UGRAD
rm2057,GIRTON_UGRAD
rm2095,GIRTON_UGRAD
rm2107,GIRTON_UGRAD
rm2119,GIRTON_UGRAD
rp736,GIRTON_UGRAD
rpd32,GIRTON_UGRAD
rs2224,GIRTON_UGRAD
rw756,GIRTON_UGRAD
rz333,GIRTON_UGRAD
sa2123,GIRTON_UGRAD
sa2124,GIRTON_UGRAD
sab268,GIRTON_UGRAD
sb2600,GIRTON_UGRAD
sb2705,GIRTON_UGRAD
sbv24,GIRTON_UGRAD
sc2236,GIRTON_UGRAD
sd2047,GIRTON_UGRAD
segw2,GIRTON_UGRAD
sf764,GIRTON_UGRAD
sg2111,GIRTON_UGRAD
sh2204,GIRTON_UGRAD
si354,GIRTON_UGRAD
sim33,GIRTON_UGRAD
sjk95,GIRTON_UGRAD
sjl217,GIRTON_UGRAD
sk2272,GIRTON_UGRAD
skg49,GIRTON_UGRAD
skp53,GIRTON_UGRAD
slm202,GIRTON_UGRAD
slmp2,GIRTON_UGRAD
sm2624,GIRTON_UGRAD
sm2627,GIRTON_UGRAD
sm2709,GIRTON_UGRAD
sm2716,GIRTON_UGRAD
sm2739,GIRTON_UGRAD
sm2811,GIRTON_UGRAD
smhs4,GIRTON_UGRAD
smn45,GIRTON_UGRAD
sn600,GIRTON_UGRAD
sp2172,GIRTON_UGRAD
sr2074,GIRTON_UGRAD
srd57,GIRTON_UGRAD
srw72,GIRTON_UGRAD
srw73,GIRTON_UGRAD
ss2754,GIRTON_UGRAD
ss2762,GIRTON_UGRAD
sw2053,GIRTON_UGRAD
swr33,GIRTON_UGRAD
tb748,GIRTON_UGRAD
tb753,GIRTON_UGRAD
tbc29,GIRTON_UGRAD
tc666,GIRTON_UGRAD
tcv25,GIRTON_UGRAD
tf365,GIRTON_UGRAD
tfnc3,GIRTON_UGRAD
tgdw2,GIRTON_UGRAD
th623,GIRTON_UGRAD
th706,GIRTON_UGRAD
tjt34,GIRTON_UGRAD
tl568,GIRTON_UGRAD
tl621,GIRTON_UGRAD
tm785,GIRTON_UGRAD
tm827,GIRTON_UGRAD
tmg44,GIRTON_UGRAD
tn340,GIRTON_UGRAD
tr503,GIRTON_UGRAD
trad3,GIRTON_UGRAD
ts894,GIRTON_UGRAD
tsm44,GIRTON_UGRAD
tt493,GIRTON_UGRAD
ue213,GIRTON_UGRAD
uec21,GIRTON_UGRAD
um237,GIRTON_UGRAD
vb419,GIRTON_UGRAD
vf278,GIRTON_UGRAD
vm418,GIRTON_UGRAD
vr367,GIRTON_UGRAD
vr374,GIRTON_UGRAD
wc376,GIRTON_UGRAD
wd294,GIRTON_UGRAD
wkm27,GIRTON_UGRAD
wm342,GIRTON_UGRAD
wmbm2,GIRTON_UGRAD
wms31,GIRTON_UGRAD
wp281,GIRTON_UGRAD
wr286,GIRTON_UGRAD
ww393,GIRTON_UGRAD
xc361,GIRTON_UGRAD
xz464,GIRTON_UGRAD
ya335,GIRTON_UGRAD
yc617,GIRTON_UGRAD
ycy30,GIRTON_UGRAD
yd344,GIRTON_UGRAD
yem21,GIRTON_UGRAD
yh489,GIRTON_UGRAD
yh549,GIRTON_UGRAD
yj343,GIRTON_UGRAD
yk369,GIRTON_UGRAD
yl2007,GIRTON_UGRAD
ystt2,GIRTON_UGRAD
yz760,GIRTON_UGRAD
yz820,GIRTON_UGRAD
zg316,GIRTON_UGRAD
zh351,GIRTON_UGRAD
zh373,GIRTON_UGRAD
zjm22,GIRTON_UGRAD
zpmm2,GIRTON_UGRAD
zrrv2,GIRTON_UGRAD
zs406,GIRTON_UGRAD
zw397,GIRTON_UGRAD
zw441,GIRTON_UGRAD
aa2168,GIRTON_PGRAD
aa2376,GIRTON_PGRAD
aab90,GIRTON_PGRAD
aaf42,GIRTON_PGRAD
aak61,GIRTON_PGRAD
aak77,GIRTON_PGRAD
aao36,GIRTON_PGRAD
aas214,GIRTON_PGRAD
ab2652,GIRTON_PGRAD
ab2728,GIRTON_PGRAD
ac2383,GIRTON_PGRAD
ac2581,GIRTON_PGRAD
acj56,GIRTON_PGRAD
acs223,GIRTON_PGRAD
acw86,GIRTON_PGRAD
ad2100,GIRTON_PGRAD
ad2147,GIRTON_PGRAD
ad2229,GIRTON_PGRAD
aem223,GIRTON_PGRAD
aem227,GIRTON_PGRAD
afi21,GIRTON_PGRAD
ag2152,GIRTON_PGRAD
ag2337,GIRTON_PGRAD
ahl37,GIRTON_PGRAD
ahm50,GIRTON_PGRAD
ahyl2,GIRTON_PGRAD
ai336,GIRTON_PGRAD
ajb306,GIRTON_PGRAD
ajt212,GIRTON_PGRAD
ak2144,GIRTON_PGRAD
ak2209,GIRTON_PGRAD
ak2239,GIRTON_PGRAD
ak2324,GIRTON_PGRAD
ak2463,GIRTON_PGRAD
ak2508,GIRTON_PGRAD
akfv2,GIRTON_PGRAD
akm76,GIRTON_PGRAD
al2112,GIRTON_PGRAD
alb226,GIRTON_PGRAD
alc226,GIRTON_PGRAD
alc227,GIRTON_PGRAD
ald66,GIRTON_PGRAD
am2531,GIRTON_PGRAD
am2548,GIRTON_PGRAD
am2633,GIRTON_PGRAD
am2806,GIRTON_PGRAD
am2956,GIRTON_PGRAD
am3054,GIRTON_PGRAD
am3107,GIRTON_PGRAD
am3184,GIRTON_PGRAD
amf91,GIRTON_PGRAD
aml78,GIRTON_PGRAD
ams310,GIRTON_PGRAD
an674,GIRTON_PGRAD
ant29,GIRTON_PGRAD
aoy21,GIRTON_PGRAD
ap2376,GIRTON_PGRAD
apg60,GIRTON_PGRAD
apj42,GIRTON_PGRAD
ar2071,GIRTON_PGRAD
arc24,GIRTON_PGRAD
ard81,GIRTON_PGRAD
arg79,GIRTON_PGRAD
arh213,GIRTON_PGRAD
arj43,GIRTON_PGRAD
as3256,GIRTON_PGRAD
as3451,GIRTON_PGRAD
as3463,GIRTON_PGRAD
asa66,GIRTON_PGRAD
ask80,GIRTON_PGRAD
asp50,GIRTON_PGRAD
asvp2,GIRTON_PGRAD
at808,GIRTON_PGRAD
av591,GIRTON_PGRAD
aw2017,GIRTON_PGRAD
aw794,GIRTON_PGRAD
bas58,GIRTON_PGRAD
bb596,GIRTON_PGRAD
bb673,GIRTON_PGRAD
bc537,GIRTON_PGRAD
bcd32,GIRTON_PGRAD
bcst2,GIRTON_PGRAD
bd457,GIRTON_PGRAD
bdc32,GIRTON_PGRAD
bfmd2,GIRTON_PGRAD
bg469,GIRTON_PGRAD
bh405,GIRTON_PGRAD
bh520,GIRTON_PGRAD
bj317,GIRTON_PGRAD
bjc71,GIRTON_PGRAD
bkho2,GIRTON_PGRAD
bm532,GIRTON_PGRAD
bm561,GIRTON_PGRAD
bnmw2,GIRTON_PGRAD
bnr20,GIRTON_PGRAD
br437,GIRTON_PGRAD
bsk27,GIRTON_PGRAD
bvr24,GIRTON_PGRAD
bx238,GIRTON_PGRAD
by281,GIRTON_PGRAD
bz279,GIRTON_PGRAD
bz297,GIRTON_PGRAD
bz302,GIRTON_PGRAD
cb2079,GIRTON_PGRAD
cc2202,GIRTON_PGRAD
cca30,GIRTON_PGRAD
cch56,GIRTON_PGRAD
cd712,GIRTON_PGRAD
cd792,GIRTON_PGRAD
cdb49,GIRTON_PGRAD
ce439,GIRTON_PGRAD
ch2000,GIRTON_PGRAD
cjh241,GIRTON_PGRAD
cjjm4,GIRTON_PGRAD
cjr74,GIRTON_PGRAD
ckl46,GIRTON_PGRAD
clg67,GIRTON_PGRAD
clm96,GIRTON_PGRAD
cm2074,GIRTON_PGRAD
cmb256,GIRTON_PGRAD
cml77,GIRTON_PGRAD
cmms2,GIRTON_PGRAD
cnr31,GIRTON_PGRAD
co412,GIRTON_PGRAD
co455,GIRTON_PGRAD
cpm64,GIRTON_PGRAD
cq241,GIRTON_PGRAD
crb71,GIRTON_PGRAD
cs2220,GIRTON_PGRAD
csw61,GIRTON_PGRAD
ct493,GIRTON_PGRAD
ct654,GIRTON_PGRAD
cvrw2,GIRTON_PGRAD
cw826,GIRTON_PGRAD
cyf25,GIRTON_PGRAD
cyl59,GIRTON_PGRAD
cym23,GIRTON_PGRAD
cyp24,GIRTON_PGRAD
cz383,GIRTON_PGRAD
cz400,GIRTON_PGRAD
da579,GIRTON_PGRAD
da590,GIRTON_PGRAD
dcn24,GIRTON_PGRAD
dcs53,GIRTON_PGRAD
ddd25,GIRTON_PGRAD
ddgr2,GIRTON_PGRAD
de351,GIRTON_PGRAD
dg542,GIRTON_PGRAD
dhb39,GIRTON_PGRAD
djh248,GIRTON_PGRAD
dl666,GIRTON_PGRAD
dm963,GIRTON_PGRAD
dmk50,GIRTON_PGRAD
dmn38,GIRTON_PGRAD
dmo35,GIRTON_PGRAD
dn406,GIRTON_PGRAD
dq218,GIRTON_PGRAD
drc63,GIRTON_PGRAD
ds2041,GIRTON_PGRAD
ds938,GIRTON_PGRAD
dt517,GIRTON_PGRAD
dt553,GIRTON_PGRAD
dwc39,GIRTON_PGRAD
dwgp2,GIRTON_PGRAD
ea513,GIRTON_PGRAD
ea614,GIRTON_PGRAD
eb673,GIRTON_PGRAD
eb815,GIRTON_PGRAD
eb830,GIRTON_PGRAD
eb899,GIRTON_PGRAD
ec881,GIRTON_PGRAD
ec882,GIRTON_PGRAD
ech63,GIRTON_PGRAD
eeg35,GIRTON_PGRAD
eer35,GIRTON_PGRAD
eh736,GIRTON_PGRAD
eiw25,GIRTON_PGRAD
ejr84,GIRTON_PGRAD
ejs211,GIRTON_PGRAD
ekc33,GIRTON_PGRAD
ekm43,GIRTON_PGRAD
ekr23,GIRTON_PGRAD
em658,GIRTON_PGRAD
em894,GIRTON_PGRAD
emb99,GIRTON_PGRAD
emls3,GIRTON_PGRAD
en360,GIRTON_PGRAD
ep585,GIRTON_PGRAD
er587,GIRTON_PGRAD
er633,GIRTON_PGRAD
erd47,GIRTON_PGRAD
eso22,GIRTON_PGRAD
esw34,GIRTON_PGRAD
et480,GIRTON_PGRAD
ex203,GIRTON_PGRAD
faa40,GIRTON_PGRAD
faf27,GIRTON_PGRAD
fav25,GIRTON_PGRAD
fb589,GIRTON_PGRAD
fg400,GIRTON_PGRAD
fh371,GIRTON_PGRAD
fh423,GIRTON_PGRAD
fjce3,GIRTON_PGRAD
fl418,GIRTON_PGRAD
fm517,GIRTON_PGRAD
fm533,GIRTON_PGRAD
fp411,GIRTON_PGRAD
fw385,GIRTON_PGRAD
fz264,GIRTON_PGRAD
fz285,GIRTON_PGRAD
garnt2,GIRTON_PGRAD
gb654,GIRTON_PGRAD
gc536,GIRTON_PGRAD
gc580,GIRTON_PGRAD
gdm40,GIRTON_PGRAD
ghn25,GIRTON_PGRAD
gj309,GIRTON_PGRAD
gk482,GIRTON_PGRAD
gka26,GIRTON_PGRAD
gm683,GIRTON_PGRAD
go288,GIRTON_PGRAD
gr484,GIRTON_PGRAD
gs652,GIRTON_PGRAD
gth27,GIRTON_PGRAD
gv302,GIRTON_PGRAD
gyk20,GIRTON_PGRAD
hay24,GIRTON_PGRAD
hb615,GIRTON_PGRAD
hb640,GIRTON_PGRAD
hc544,GIRTON_PGRAD
hc617,GIRTON_PGRAD
hjb79,GIRTON_PGRAD
hjm56,GIRTON_PGRAD
hl589,GIRTON_PGRAD
hl621,GIRTON_PGRAD
hl628,GIRTON_PGRAD
hlaw3,GIRTON_PGRAD
hlhk2,GIRTON_PGRAD
hljt2,GIRTON_PGRAD
hm690,GIRTON_PGRAD
hm720,GIRTON_PGRAD
hm740,GIRTON_PGRAD
hn300,GIRTON_PGRAD
hp409,GIRTON_PGRAD
hs769,GIRTON_PGRAD
hs810,GIRTON_PGRAD
hs817,GIRTON_PGRAD
hsa28,GIRTON_PGRAD
hvm31,GIRTON_PGRAD
hx289,GIRTON_PGRAD
hyk27,GIRTON_PGRAD
hz386,GIRTON_PGRAD
ia324,GIRTON_PGRAD
ial30,GIRTON_PGRAD
ibc22,GIRTON_PGRAD
ic374,GIRTON_PGRAD
ich35,GIRTON_PGRAD
iec22,GIRTON_PGRAD
ig402,GIRTON_PGRAD
ih345,GIRTON_PGRAD
ij284,GIRTON_PGRAD
ik423,GIRTON_PGRAD
ikm25,GIRTON_PGRAD
ill24,GIRTON_PGRAD
imt34,GIRTON_PGRAD
imu21,GIRTON_PGRAD
ipd22,GIRTON_PGRAD
ir311,GIRTON_PGRAD
irs39,GIRTON_PGRAD
is466,GIRTON_PGRAD
iv285,GIRTON_PGRAD
iv291,GIRTON_PGRAD
ja814,GIRTON_PGRAD
jasj3,GIRTON_PGRAD
jba34,GIRTON_PGRAD
jbs55,GIRTON_PGRAD
jc2009,GIRTON_PGRAD
jc2386,GIRTON_PGRAD
jc2450,GIRTON_PGRAD
jck51,GIRTON_PGRAD
jcm227,GIRTON_PGRAD
jcnh2,GIRTON_PGRAD
jd930,GIRTON_PGRAD
jd940,GIRTON_PGRAD
jdf63,GIRTON_PGRAD
jf779,GIRTON_PGRAD
jg2000,GIRTON_PGRAD
jg2090,GIRTON_PGRAD
jh2293,GIRTON_PGRAD
jh2323,GIRTON_PGRAD
jh2422,GIRTON_PGRAD
jh2460,GIRTON_PGRAD
jhm69,GIRTON_PGRAD
jhs85,GIRTON_PGRAD
jhw66,GIRTON_PGRAD
ji278,GIRTON_PGRAD
jj569,GIRTON_PGRAD
jjb211,GIRTON_PGRAD
jji24,GIRTON_PGRAD
jjs71,GIRTON_PGRAD
jjv30,GIRTON_PGRAD
jk906,GIRTON_PGRAD
jkc41,GIRTON_PGRAD
jl2231,GIRTON_PGRAD
jl2265,GIRTON_PGRAD
jl2365,GIRTON_PGRAD
jl2373,GIRTON_PGRAD
jm2158,GIRTON_PGRAD
jmcg3,GIRTON_PGRAD
jmr235,GIRTON_PGRAD
jmw264,GIRTON_PGRAD
jn459,GIRTON_PGRAD
jn475,GIRTON_PGRAD
jp2012,GIRTON_PGRAD
jp2045,GIRTON_PGRAD
jp976,GIRTON_PGRAD
jplgmb2,GIRTON_PGRAD
jps207,GIRTON_PGRAD
jrb252,GIRTON_PGRAD
jrhn2,GIRTON_PGRAD
jrlp2,GIRTON_PGRAD
js2449,GIRTON_PGRAD
js2809,GIRTON_PGRAD
jsc98,GIRTON_PGRAD
jsdl2,GIRTON_PGRAD
jsgd2,GIRTON_PGRAD
jsk57,GIRTON_PGRAD
jt836,GIRTON_PGRAD
jtn27,GIRTON_PGRAD
jvv22,GIRTON_PGRAD
jw2035,GIRTON_PGRAD
jw2202,GIRTON_PGRAD
jw2250,GIRTON_PGRAD
jw2292,GIRTON_PGRAD
jw2357,GIRTON_PGRAD
jz593,GIRTON_PGRAD
jz616,GIRTON_PGRAD
jz644,GIRTON_PGRAD
jzs22,GIRTON_PGRAD
ka589,GIRTON_PGRAD
kac60,GIRTON_PGRAD
kb792,GIRTON_PGRAD
kc575,GIRTON_PGRAD
kc671,GIRTON_PGRAD
kgm29,GIRTON_PGRAD
khs40,GIRTON_PGRAD
kl569,GIRTON_PGRAD
kllk2,GIRTON_PGRAD
km811,GIRTON_PGRAD
kmd46,GIRTON_PGRAD
knr30,GIRTON_PGRAD
ks2104,GIRTON_PGRAD
ks928,GIRTON_PGRAD
kse26,GIRTON_PGRAD
ksl37,GIRTON_PGRAD
ksp38,GIRTON_PGRAD
ktf25,GIRTON_PGRAD
ktkk2,GIRTON_PGRAD
kwl37,GIRTON_PGRAD
kx238,GIRTON_PGRAD
ky326,GIRTON_PGRAD
kz321,GIRTON_PGRAD
la464,GIRTON_PGRAD
la476,GIRTON_PGRAD
la513,GIRTON_PGRAD
lb2010,GIRTON_PGRAD
lbc39,GIRTON_PGRAD
lbs34,GIRTON_PGRAD
lbs36,GIRTON_PGRAD
lc827,GIRTON_PGRAD
le331,GIRTON_PGRAD
lf496,GIRTON_PGRAD
lh773,GIRTON_PGRAD
ljg54,GIRTON_PGRAD
ljlw2,GIRTON_PGRAD
ll610,GIRTON_PGRAD
ll623,GIRTON_PGRAD
ll653,GIRTON_PGRAD
llsh2,GIRTON_PGRAD
lmxlm2,GIRTON_PGRAD
ln333,GIRTON_PGRAD
ln382,GIRTON_PGRAD
lq230,GIRTON_PGRAD
lrl36,GIRTON_PGRAD
ls812,GIRTON_PGRAD
ltw30,GIRTON_PGRAD
lv370,GIRTON_PGRAD
ly343,GIRTON_PGRAD
lz394,GIRTON_PGRAD
ma741,GIRTON_PGRAD
mag72,GIRTON_PGRAD
mak89,GIRTON_PGRAD
map96,GIRTON_PGRAD
mbb41,GIRTON_PGRAD
mc2302,GIRTON_PGRAD
mc2361,GIRTON_PGRAD
mc2430,GIRTON_PGRAD
mc954,GIRTON_PGRAD
mch80,GIRTON_PGRAD
md875,GIRTON_PGRAD
mdg64,GIRTON_PGRAD
mdjr4,GIRTON_PGRAD
me424,GIRTON_PGRAD
meam3,GIRTON_PGRAD
mec96,GIRTON_PGRAD
meg62,GIRTON_PGRAD
mes85,GIRTON_PGRAD
mesf3,GIRTON_PGRAD
mf812,GIRTON_PGRAD
mg985,GIRTON_PGRAD
mh2002,GIRTON_PGRAD
mh2073,GIRTON_PGRAD
mhh42,GIRTON_PGRAD
mhs60,GIRTON_PGRAD
mik35,GIRTON_PGRAD
mjb330,GIRTON_PGRAD
mjgc3,GIRTON_PGRAD
mjo47,GIRTON_PGRAD
mkma3,GIRTON_PGRAD
ml2056,GIRTON_PGRAD
ml974,GIRTON_PGRAD
mlel2,GIRTON_PGRAD
mll49,GIRTON_PGRAD
mm2088,GIRTON_PGRAD
mm2636,GIRTON_PGRAD
mm2753,GIRTON_PGRAD
mmg43,GIRTON_PGRAD
mmk56,GIRTON_PGRAD
mn546,GIRTON_PGRAD
mnc33,GIRTON_PGRAD
mom28,GIRTON_PGRAD
mp858,GIRTON_PGRAD
mr857,GIRTON_PGRAD
ms2895,GIRTON_PGRAD
ms2934,GIRTON_PGRAD
ms2981,GIRTON_PGRAD
msw55,GIRTON_PGRAD
mt940,GIRTON_PGRAD
mv488,GIRTON_PGRAD
mw879,GIRTON_PGRAD
my394,GIRTON_PGRAD
mz462,GIRTON_PGRAD
mz506,GIRTON_PGRAD
mz511,GIRTON_PGRAD
na620,GIRTON_PGRAD
nc561,GIRTON_PGRAD
nc565,GIRTON_PGRAD
nc603,GIRTON_PGRAD
ndc36,GIRTON_PGRAD
ndt26,GIRTON_PGRAD
nhb30,GIRTON_PGRAD
nhht2,GIRTON_PGRAD
nja46,GIRTON_PGRAD
nl435,GIRTON_PGRAD
nlaw2,GIRTON_PGRAD
nln23,GIRTON_PGRAD
nmk37,GIRTON_PGRAD
nmp37,GIRTON_PGRAD
nn367,GIRTON_PGRAD
no310,GIRTON_PGRAD
ns916,GIRTON_PGRAD
ns951,GIRTON_PGRAD
nss56,GIRTON_PGRAD
nvt25,GIRTON_PGRAD
nys20,GIRTON_PGRAD
nyz22,GIRTON_PGRAD
oam27,GIRTON_PGRAD
oh306,GIRTON_PGRAD
oji22,GIRTON_PGRAD
ojk25,GIRTON_PGRAD
ojl31,GIRTON_PGRAD
ojld2,GIRTON_PGRAD
oln22,GIRTON_PGRAD
olp23,GIRTON_PGRAD
os457,GIRTON_PGRAD
os459,GIRTON_PGRAD
ots29,GIRTON_PGRAD
pawj2,GIRTON_PGRAD
pbm33,GIRTON_PGRAD
pc711,GIRTON_PGRAD
pch50,GIRTON_PGRAD
pd502,GIRTON_PGRAD
pd528,GIRTON_PGRAD
pd539,GIRTON_PGRAD
peg27,GIRTON_PGRAD
pkj28,GIRTON_PGRAD
pmh64,GIRTON_PGRAD
ps875,GIRTON_PGRAD
ptc39,GIRTON_PGRAD
pts29,GIRTON_PGRAD
px212,GIRTON_PGRAD
pz285,GIRTON_PGRAD
qc263,GIRTON_PGRAD
ql324,GIRTON_PGRAD
qw282,GIRTON_PGRAD
qy256,GIRTON_PGRAD
ra571,GIRTON_PGRAD
ras242,GIRTON_PGRAD
raw90,GIRTON_PGRAD
rcc58,GIRTON_PGRAD
rd685,GIRTON_PGRAD
rdp43,GIRTON_PGRAD
rh725,GIRTON_PGRAD
rh807,GIRTON_PGRAD
ri272,GIRTON_PGRAD
rk627,GIRTON_PGRAD
rm2053,GIRTON_PGRAD
rmf48,GIRTON_PGRAD
rnj23,GIRTON_PGRAD
ro353,GIRTON_PGRAD
rr601,GIRTON_PGRAD
rrn29,GIRTON_PGRAD
rsd56,GIRTON_PGRAD
rt584,GIRTON_PGRAD
rt606,GIRTON_PGRAD
rtk26,GIRTON_PGRAD
rw701,GIRTON_PGRAD
rw738,GIRTON_PGRAD
rz315,GIRTON_PGRAD
rz357,GIRTON_PGRAD
sa2005,GIRTON_PGRAD
sa2114,GIRTON_PGRAD
sa2189,GIRTON_PGRAD
sa963,GIRTON_PGRAD
sb2393,GIRTON_PGRAD
sb2411,GIRTON_PGRAD
sbs48,GIRTON_PGRAD
sc2153,GIRTON_PGRAD
sc2160,GIRTON_PGRAD
sc2168,GIRTON_PGRAD
scw75,GIRTON_PGRAD
scy27,GIRTON_PGRAD
sdk39,GIRTON_PGRAD
sea69,GIRTON_PGRAD
seb229,GIRTON_PGRAD
ses205,GIRTON_PGRAD
sew65,GIRTON_PGRAD
sf752,GIRTON_PGRAD
sfm38,GIRTON_PGRAD
sfw35,GIRTON_PGRAD
sg2024,GIRTON_PGRAD
sg996,GIRTON_PGRAD
sgf32,GIRTON_PGRAD
sh2091,GIRTON_PGRAD
sh2196,GIRTON_PGRAD
sh2262,GIRTON_PGRAD
shk47,GIRTON_PGRAD
sjd215,GIRTON_PGRAD
sjhb3,GIRTON_PGRAD
skb68,GIRTON_PGRAD
sl971,GIRTON_PGRAD
slb232,GIRTON_PGRAD
sly25,GIRTON_PGRAD
sm2674,GIRTON_PGRAD
sm2759,GIRTON_PGRAD
sm2768,GIRTON_PGRAD
sma93,GIRTON_PGRAD
smd89,GIRTON_PGRAD
so466,GIRTON_PGRAD
sp923,GIRTON_PGRAD
sr936,GIRTON_PGRAD
sr986,GIRTON_PGRAD
srl56,GIRTON_PGRAD
srr43,GIRTON_PGRAD
ss2528,GIRTON_PGRAD
ss2536,GIRTON_PGRAD
ss2761,GIRTON_PGRAD
ssm47,GIRTON_PGRAD
st788,GIRTON_PGRAD
stm41,GIRTON_PGRAD
sw2092,GIRTON_PGRAD
swc45,GIRTON_PGRAD
sx266,GIRTON_PGRAD
sy415,GIRTON_PGRAD
syg26,GIRTON_PGRAD
syjn2,GIRTON_PGRAD
sz420,GIRTON_PGRAD
szm25,GIRTON_PGRAD
tac55,GIRTON_PGRAD
tbs34,GIRTON_PGRAD
tcc38,GIRTON_PGRAD
tch39,GIRTON_PGRAD
th568,GIRTON_PGRAD
thsl3,GIRTON_PGRAD
tj313,GIRTON_PGRAD
tjp49,GIRTON_PGRAD
tk510,GIRTON_PGRAD
tkr22,GIRTON_PGRAD
tmc59,GIRTON_PGRAD
tp436,GIRTON_PGRAD
tp513,GIRTON_PGRAD
tp530,GIRTON_PGRAD
tpc41,GIRTON_PGRAD
tpgl3,GIRTON_PGRAD
tr521,GIRTON_PGRAD
ts809,GIRTON_PGRAD
tss48,GIRTON_PGRAD
tt503,GIRTON_PGRAD
tv307,GIRTON_PGRAD
tw557,GIRTON_PGRAD
ty328,GIRTON_PGRAD
tyjl5,GIRTON_PGRAD
uurz2,GIRTON_PGRAD
vg338,GIRTON_PGRAD
vk401,GIRTON_PGRAD
vnph2,GIRTON_PGRAD
vps31,GIRTON_PGRAD
wa273,GIRTON_PGRAD
wh358,GIRTON_PGRAD
wka23,GIRTON_PGRAD
wl433,GIRTON_PGRAD
wlc36,GIRTON_PGRAD
wtk25,GIRTON_PGRAD
wy277,GIRTON_PGRAD
wy278,GIRTON_PGRAD
wye20,GIRTON_PGRAD
xc369,GIRTON_PGRAD
xf245,GIRTON_PGRAD
xh349,GIRTON_PGRAD
xl539,GIRTON_PGRAD
xl588,GIRTON_PGRAD
xl594,GIRTON_PGRAD
xml20,GIRTON_PGRAD
xw378,GIRTON_PGRAD
xw388,GIRTON_PGRAD
xw405,GIRTON_PGRAD
xw426,GIRTON_PGRAD
xx832,GIRTON_PGRAD
xy328,GIRTON_PGRAD
xz506,GIRTON_PGRAD
yd307,GIRTON_PGRAD
yf299,GIRTON_PGRAD
yg362,GIRTON_PGRAD
yg377,GIRTON_PGRAD
yg400,GIRTON_PGRAD
yg401,GIRTON_PGRAD
yg412,GIRTON_PGRAD
yhs24,GIRTON_PGRAD
yk392,GIRTON_PGRAD
yk426,GIRTON_PGRAD
ykvc2,GIRTON_PGRAD
yl925,GIRTON_PGRAD
yl949,GIRTON_PGRAD
yl980,GIRTON_PGRAD
ym408,GIRTON_PGRAD
ymgc2,GIRTON_PGRAD
yo279,GIRTON_PGRAD
yp309,GIRTON_PGRAD
yq276,GIRTON_PGRAD
ys654,GIRTON_PGRAD
yw658,GIRTON_PGRAD
yx375,GIRTON_PGRAD
yy400,GIRTON_PGRAD
yy552,GIRTON_PGRAD
yz795,GIRTON_PGRAD
yz823,GIRTON_PGRAD
yz848,GIRTON_PGRAD
yza22,GIRTON_PGRAD
zbc21,GIRTON_PGRAD
zc351,GIRTON_PGRAD
zd297,GIRTON_PGRAD
zg308,GIRTON_PGRAD
zg321,GIRTON_PGRAD
zh340,GIRTON_PGRAD
zjl24,GIRTON_PGRAD
zk282,GIRTON_PGRAD
zl434,GIRTON_PGRAD
zmo21,GIRTON_PGRAD
zndl2,GIRTON_PGRAD
zo225,GIRTON_PGRAD
zq225,GIRTON_PGRAD
zs407,GIRTON_PGRAD
zs418,GIRTON_PGRAD
zs419,GIRTON_PGRAD
zt256,GIRTON_PGRAD
zy322,GIRTON_PGRAD
zz420,GIRTON_PGRAD
zz433,GIRTON_PGRAD
ac519,GIRTON_STAFF
ach64,GIRTON_STAFF
aci20,GIRTON_STAFF
acr4,GIRTON_STAFF
ad2262,GIRTON_STAFF
ad859,GIRTON_STAFF
adh44,GIRTON_STAFF
ae242,GIRTON_STAFF
af107,GIRTON_STAFF
agscl2,GIRTON_STAFF
ajr49,GIRTON_STAFF
ak2414,GIRTON_STAFF
ak974,GIRTON_STAFF
al854,GIRTON_STAFF
alf1000,GIRTON_STAFF
am2606,GIRTON_STAFF
amf26,GIRTON_STAFF
ams3,GIRTON_STAFF
ar2144,GIRTON_STAFF
arb59,GIRTON_STAFF
ard31,GIRTON_STAFF
arj10,GIRTON_STAFF
as2948,GIRTON_STAFF
as3261,GIRTON_STAFF
at2093,GIRTON_STAFF
bb551,GIRTON_STAFF
be270,GIRTON_STAFF
bh251,GIRTON_STAFF
bjg22,GIRTON_STAFF
cah30,GIRTON_STAFF
cat36,GIRTON_STAFF
cb2308,GIRTON_STAFF
cb561,GIRTON_STAFF
cb902,GIRTON_STAFF
cc2082,GIRTON_STAFF
cca30,GIRTON_STAFF
cd502,GIRTON_STAFF
cdh31,GIRTON_STAFF
cet26,GIRTON_STAFF
cew47,GIRTON_STAFF
cgg34,GIRTON_STAFF
chwb101,GIRTON_STAFF
cjab3,GIRTON_STAFF
cjbf,GIRTON_STAFF
cjc210,GIRTON_STAFF
ckh11,GIRTON_STAFF
cl204,GIRTON_STAFF
cl726,GIRTON_STAFF
cs221,GIRTON_STAFF
cs2219,GIRTON_STAFF
cs2261,GIRTON_STAFF
cvaj2,GIRTON_STAFF
cw761,GIRTON_STAFF
db127,GIRTON_STAFF
df390,GIRTON_STAFF
dj322,GIRTON_STAFF
djt17,GIRTON_STAFF
dk684,GIRTON_STAFF
dl207,GIRTON_STAFF
dnd10,GIRTON_STAFF
do379,GIRTON_STAFF
drma2,GIRTON_STAFF
ds759,GIRTON_STAFF
ds775,GIRTON_STAFF
dw627,GIRTON_STAFF
dw675,GIRTON_STAFF
ea458,GIRTON_STAFF
eam1,GIRTON_STAFF
ecb58,GIRTON_STAFF
eg666,GIRTON_STAFF
ejb1,GIRTON_STAFF
ejc44,GIRTON_STAFF
ek586,GIRTON_STAFF
el554,GIRTON_STAFF
elk10,GIRTON_STAFF
elp77,GIRTON_STAFF
emd59,GIRTON_STAFF
ep528,GIRTON_STAFF
fh437,GIRTON_STAFF
fj283,GIRTON_STAFF
fjc24,GIRTON_STAFF
fjd27,GIRTON_STAFF
fl10,GIRTON_STAFF
fs488,GIRTON_STAFF
gaw44,GIRTON_STAFF
gb615,GIRTON_STAFF
gir001v,GIRTON_STAFF
gir002v,GIRTON_STAFF
gir003v,GIRTON_STAFF
gir004v,GIRTON_STAFF
gir005v,GIRTON_STAFF
gir006v,GIRTON_STAFF
gir007v,GIRTON_STAFF
gir008v,GIRTON_STAFF
gir009v,GIRTON_STAFF
gir010v,GIRTON_STAFF
gj10001,GIRTON_STAFF
gjr22,GIRTON_STAFF
gk407,GIRTON_STAFF
gpb1000,GIRTON_STAFF
gw377,GIRTON_STAFF
gw463,GIRTON_STAFF
hav21,GIRTON_STAFF
hda1,GIRTON_STAFF
hl407,GIRTON_STAFF
hm309,GIRTON_STAFF
hm549,GIRTON_STAFF
hm558,GIRTON_STAFF
hmm24,GIRTON_STAFF
hph1000,GIRTON_STAFF
hr264,GIRTON_STAFF
hs10000,GIRTON_STAFF
hs542,GIRTON_STAFF
hvaj2,GIRTON_STAFF
hw351,GIRTON_STAFF
icg32,GIRTON_STAFF
ik332,GIRTON_STAFF
ipd21,GIRTON_STAFF
ja611,GIRTON_STAFF
ja702,GIRTON_STAFF
jad39,GIRTON_STAFF
jal65,GIRTON_STAFF
jar79,GIRTON_STAFF
jasd2,GIRTON_STAFF
jb2119,GIRTON_STAFF
jb361,GIRTON_STAFF
jb943,GIRTON_STAFF
jc473,GIRTON_STAFF
jcw90,GIRTON_STAFF
jdc52,GIRTON_STAFF
jds1001,GIRTON_STAFF
jed2,GIRTON_STAFF
jf371,GIRTON_STAFF
jg2000,GIRTON_STAFF
jg547,GIRTON_STAFF
jg553,GIRTON_STAFF
jhr20,GIRTON_STAFF
ji227,GIRTON_STAFF
jjdc2,GIRTON_STAFF
jk633,GIRTON_STAFF
jkh25,GIRTON_STAFF
jl231,GIRTON_STAFF
jlh1000,GIRTON_STAFF
jm10004,GIRTON_STAFF
jma76,GIRTON_STAFF
jmr2,GIRTON_STAFF
jmrc2,GIRTON_STAFF
jpw49,GIRTON_STAFF
jr577,GIRTON_STAFF
jslm2,GIRTON_STAFF
jssd2,GIRTON_STAFF
jt636,GIRTON_STAFF
jt895,GIRTON_STAFF
jw2020,GIRTON_STAFF
jw830,GIRTON_STAFF
kb658,GIRTON_STAFF
kb803,GIRTON_STAFF
kc555,GIRTON_STAFF
kd284,GIRTON_STAFF
kd403,GIRTON_STAFF
keb65,GIRTON_STAFF
kh387,GIRTON_STAFF
kll1000,GIRTON_STAFF
kmvb2,GIRTON_STAFF
kp223,GIRTON_STAFF
la412,GIRTON_STAFF
ld511,GIRTON_STAFF
lh850,GIRTON_STAFF
lj102,GIRTON_STAFF
lmed2,GIRTON_STAFF
lw544,GIRTON_STAFF
ma2093,GIRTON_STAFF
mag72,GIRTON_STAFF
mah1003,GIRTON_STAFF
mb2123,GIRTON_STAFF
mc954,GIRTON_STAFF
mcm1000,GIRTON_STAFF
md508,GIRTON_STAFF
md804,GIRTON_STAFF
md996,GIRTON_STAFF
mda48,GIRTON_STAFF
mdb6,GIRTON_STAFF
mdbr2,GIRTON_STAFF
mf413,GIRTON_STAFF
mg2097,GIRTON_STAFF
mg320,GIRTON_STAFF
mh208,GIRTON_STAFF
mh576,GIRTON_STAFF
mh854,GIRTON_STAFF
mja1000,GIRTON_STAFF
mm2434,GIRTON_STAFF
mmk56,GIRTON_STAFF
mn354,GIRTON_STAFF
mo429,GIRTON_STAFF
mp2112,GIRTON_STAFF
mrb204,GIRTON_STAFF
mrjn2,GIRTON_STAFF
ms10026,GIRTON_STAFF
ms2276,GIRTON_STAFF
ms2486,GIRTON_STAFF
ms342,GIRTON_STAFF
mspg1,GIRTON_STAFF
mwe20,GIRTON_STAFF
ncjg2,GIRTON_STAFF
ne308,GIRTON_STAFF
njc1001,GIRTON_STAFF
njl1,GIRTON_STAFF
ns880,GIRTON_STAFF
nw203,GIRTON_STAFF
oc345,GIRTON_STAFF
oo203,GIRTON_STAFF
pcjs2,GIRTON_STAFF
pd435,GIRTON_STAFF
pdj28,GIRTON_STAFF
ph525,GIRTON_STAFF
pha1000,GIRTON_STAFF
pk445,GIRTON_STAFF
pmg27,GIRTON_STAFF
pt431,GIRTON_STAFF
rcj11,GIRTON_STAFF
re318,GIRTON_STAFF
rer10,GIRTON_STAFF
ril10,GIRTON_STAFF
rje10,GIRTON_STAFF
rjer2,GIRTON_STAFF
rjh242,GIRTON_STAFF
rl662,GIRTON_STAFF
rmlw2,GIRTON_STAFF
rmw7,GIRTON_STAFF
rr619,GIRTON_STAFF
sa2102,GIRTON_STAFF
sa755,GIRTON_STAFF
sac92,GIRTON_STAFF
sas37,GIRTON_STAFF
sb2154,GIRTON_STAFF
sb2724,GIRTON_STAFF
sc984,GIRTON_STAFF
sca39,GIRTON_STAFF
sd367,GIRTON_STAFF
sdc36,GIRTON_STAFF
sdf10,GIRTON_STAFF
sdg33,GIRTON_STAFF
sdn31,GIRTON_STAFF
ser45,GIRTON_STAFF
sfv20,GIRTON_STAFF
si341,GIRTON_STAFF
sjl219,GIRTON_STAFF
sk210,GIRTON_STAFF
sk329,GIRTON_STAFF
skw30,GIRTON_STAFF
sldf2,GIRTON_STAFF
slf43,GIRTON_STAFF
sm2365,GIRTON_STAFF
sm955,GIRTON_STAFF
snf25,GIRTON_STAFF
so474,GIRTON_STAFF
sop23,GIRTON_STAFF
sp10002,GIRTON_STAFF
sp2138,GIRTON_STAFF
sp747,GIRTON_STAFF
sps59,GIRTON_STAFF
sr958,GIRTON_STAFF
sr988,GIRTON_STAFF
ss2032,GIRTON_STAFF
ss740,GIRTON_STAFF
ss915,GIRTON_STAFF
st277,GIRTON_STAFF
st736,GIRTON_STAFF
sw2128,GIRTON_STAFF
sw355,GIRTON_STAFF
sw590,GIRTON_STAFF
sw773,GIRTON_STAFF
sw807,GIRTON_STAFF
sw929,GIRTON_STAFF
swf27,GIRTON_STAFF
ta558,GIRTON_STAFF
tb739,GIRTON_STAFF
tch39,GIRTON_STAFF
te250,GIRTON_STAFF
tkd28,GIRTON_STAFF
tkk24,GIRTON_STAFF
tl314,GIRTON_STAFF
tp359,GIRTON_STAFF
trb41,GIRTON_STAFF
trh31,GIRTON_STAFF
ts116,GIRTON_STAFF
ts434,GIRTON_STAFF
va356,GIRTON_STAFF
vsfb2,GIRTON_STAFF
wb263,GIRTON_STAFF
wc246,GIRTON_STAFF
wjk22,GIRTON_STAFF
wjk24,GIRTON_STAFF
wjs18,GIRTON_STAFF
wn232,GIRTON_STAFF
wra24,GIRTON_STAFF
ws336,GIRTON_STAFF
zr274,GIRTON_STAFF
aa2234,HOMERTON_UGRAD
aa2236,HOMERTON_UGRAD
aa2308,HOMERTON_UGRAD
aa2314,HOMERTON_UGRAD
aa2407,HOMERTON_UGRAD
aa2527,HOMERTON_UGRAD
ab2797,HOMERTON_UGRAD
ab3032,HOMERTON_UGRAD
ab3039,HOMERTON_UGRAD
ab3054,HOMERTON_UGRAD
ac2419,HOMERTON_UGRAD
ac2515,HOMERTON_UGRAD
ac2611,HOMERTON_UGRAD
ac2628,HOMERTON_UGRAD
ac2631,HOMERTON_UGRAD
ad2168,HOMERTON_UGRAD
adoo2,HOMERTON_UGRAD
aer74,HOMERTON_UGRAD
af809,HOMERTON_UGRAD
afmat2,HOMERTON_UGRAD
agb76,HOMERTON_UGRAD
agm70,HOMERTON_UGRAD
ah2202,HOMERTON_UGRAD
ah2254,HOMERTON_UGRAD
aik33,HOMERTON_UGRAD
aj625,HOMERTON_UGRAD
aj641,HOMERTON_UGRAD
aj643,HOMERTON_UGRAD
ajk223,HOMERTON_UGRAD
ak2406,HOMERTON_UGRAD
ak2531,HOMERTON_UGRAD
ak2537,HOMERTON_UGRAD
al2002,HOMERTON_UGRAD
al2012,HOMERTON_UGRAD
al2124,HOMERTON_UGRAD
al2185,HOMERTON_UGRAD
al2193,HOMERTON_UGRAD
al2195,HOMERTON_UGRAD
al2200,HOMERTON_UGRAD
alfm2,HOMERTON_UGRAD
alm211,HOMERTON_UGRAD
am2990,HOMERTON_UGRAD
am3098,HOMERTON_UGRAD
am3128,HOMERTON_UGRAD
ama203,HOMERTON_UGRAD
amh247,HOMERTON_UGRAD
ams314,HOMERTON_UGRAD
an615,HOMERTON_UGRAD
an640,HOMERTON_UGRAD
an668,HOMERTON_UGRAD
an698,HOMERTON_UGRAD
ao499,HOMERTON_UGRAD
ao547,HOMERTON_UGRAD
aod24,HOMERTON_UGRAD
ap2204,HOMERTON_UGRAD
ap2328,HOMERTON_UGRAD
ap2338,HOMERTON_UGRAD
apm91,HOMERTON_UGRAD
ar2242,HOMERTON_UGRAD
ar2253,HOMERTON_UGRAD
ar2257,HOMERTON_UGRAD
ari30,HOMERTON_UGRAD
ark65,HOMERTON_UGRAD
arl71,HOMERTON_UGRAD
as3187,HOMERTON_UGRAD
as3188,HOMERTON_UGRAD
as3193,HOMERTON_UGRAD
as3344,HOMERTON_UGRAD
as3483,HOMERTON_UGRAD
asb215,HOMERTON_UGRAD
at2019,HOMERTON_UGRAD
ath37,HOMERTON_UGRAD
atz25,HOMERTON_UGRAD
av644,HOMERTON_UGRAD
aw2041,HOMERTON_UGRAD
aw2045,HOMERTON_UGRAD
aw2053,HOMERTON_UGRAD
aw909,HOMERTON_UGRAD
ay354,HOMERTON_UGRAD
ayk27,HOMERTON_UGRAD
az444,HOMERTON_UGRAD
azs23,HOMERTON_UGRAD
bb610,HOMERTON_UGRAD
bb614,HOMERTON_UGRAD
bb679,HOMERTON_UGRAD
bc557,HOMERTON_UGRAD
bd464,HOMERTON_UGRAD
beck2,HOMERTON_UGRAD
bfj21,HOMERTON_UGRAD
bg432,HOMERTON_UGRAD
bh527,HOMERTON_UGRAD
bh553,HOMERTON_UGRAD
bil22,HOMERTON_UGRAD
bl499,HOMERTON_UGRAD
bl502,HOMERTON_UGRAD
bl504,HOMERTON_UGRAD
bl545,HOMERTON_UGRAD
bl549,HOMERTON_UGRAD
bm633,HOMERTON_UGRAD
bp505,HOMERTON_UGRAD
brm38,HOMERTON_UGRAD
bs767,HOMERTON_UGRAD
bs775,HOMERTON_UGRAD
ca560,HOMERTON_UGRAD
ca598,HOMERTON_UGRAD
ca627,HOMERTON_UGRAD
caah3,HOMERTON_UGRAD
cb2133,HOMERTON_UGRAD
cb2137,HOMERTON_UGRAD
cb2184,HOMERTON_UGRAD
cc2172,HOMERTON_UGRAD
cch51,HOMERTON_UGRAD
cdk29,HOMERTON_UGRAD
cf526,HOMERTON_UGRAD
cgb44,HOMERTON_UGRAD
ch2023,HOMERTON_UGRAD
ch2039,HOMERTON_UGRAD
ch934,HOMERTON_UGRAD
ch936,HOMERTON_UGRAD
ch964,HOMERTON_UGRAD
cj478,HOMERTON_UGRAD
cjmp2,HOMERTON_UGRAD
cm2183,HOMERTON_UGRAD
cm2186,HOMERTON_UGRAD
cm2237,HOMERTON_UGRAD
cmr67,HOMERTON_UGRAD
cno24,HOMERTON_UGRAD
cob23,HOMERTON_UGRAD
cr667,HOMERTON_UGRAD
cs2037,HOMERTON_UGRAD
cs2192,HOMERTON_UGRAD
cw813,HOMERTON_UGRAD
cwy28,HOMERTON_UGRAD
cz396,HOMERTON_UGRAD
cz399,HOMERTON_UGRAD
dc804,HOMERTON_UGRAD
dc833,HOMERTON_UGRAD
de334,HOMERTON_UGRAD
de356,HOMERTON_UGRAD
df431,HOMERTON_UGRAD
djdm4,HOMERTON_UGRAD
dm899,HOMERTON_UGRAD
dme35,HOMERTON_UGRAD
dn411,HOMERTON_UGRAD
do355,HOMERTON_UGRAD
do376,HOMERTON_UGRAD
dp636,HOMERTON_UGRAD
dpp28,HOMERTON_UGRAD
dr579,HOMERTON_UGRAD
ds2027,HOMERTON_UGRAD
ds2083,HOMERTON_UGRAD
ds2086,HOMERTON_UGRAD
dz350,HOMERTON_UGRAD
ea631,HOMERTON_UGRAD
eb881,HOMERTON_UGRAD
ec920,HOMERTON_UGRAD
ecd53,HOMERTON_UGRAD
ee354,HOMERTON_UGRAD
eeh56,HOMERTON_UGRAD
ef444,HOMERTON_UGRAD
ef490,HOMERTON_UGRAD
eh725,HOMERTON_UGRAD
ei256,HOMERTON_UGRAD
ej401,HOMERTON_UGRAD
eja65,HOMERTON_UGRAD
ek560,HOMERTON_UGRAD
ek578,HOMERTON_UGRAD
ek580,HOMERTON_UGRAD
els77,HOMERTON_UGRAD
em896,HOMERTON_UGRAD
em898,HOMERTON_UGRAD
em905,HOMERTON_UGRAD
em910,HOMERTON_UGRAD
em972,HOMERTON_UGRAD
emw75,HOMERTON_UGRAD
en391,HOMERTON_UGRAD
en393,HOMERTON_UGRAD
eo412,HOMERTON_UGRAD
ep659,HOMERTON_UGRAD
er609,HOMERTON_UGRAD
er641,HOMERTON_UGRAD
er644,HOMERTON_UGRAD
es977,HOMERTON_UGRAD
es984,HOMERTON_UGRAD
es997,HOMERTON_UGRAD
esw29,HOMERTON_UGRAD
et503,HOMERTON_UGRAD
etm30,HOMERTON_UGRAD
etpc2,HOMERTON_UGRAD
eu234,HOMERTON_UGRAD
ev354,HOMERTON_UGRAD
ev365,HOMERTON_UGRAD
ew582,HOMERTON_UGRAD
fa447,HOMERTON_UGRAD
fb550,HOMERTON_UGRAD
fb599,HOMERTON_UGRAD
fdj21,HOMERTON_UGRAD
fe275,HOMERTON_UGRAD
fh411,HOMERTON_UGRAD
fi239,HOMERTON_UGRAD
fj289,HOMERTON_UGRAD
fsb28,HOMERTON_UGRAD
ft324,HOMERTON_UGRAD
fwp21,HOMERTON_UGRAD
ga433,HOMERTON_UGRAD
gc648,HOMERTON_UGRAD
gf363,HOMERTON_UGRAD
gfaagm2,HOMERTON_UGRAD
gh523,HOMERTON_UGRAD
gh543,HOMERTON_UGRAD
gh545,HOMERTON_UGRAD
gl531,HOMERTON_UGRAD
gn323,HOMERTON_UGRAD
gp552,HOMERTON_UGRAD
gs678,HOMERTON_UGRAD
gs730,HOMERTON_UGRAD
gv304,HOMERTON_UGRAD
gw474,HOMERTON_UGRAD
ha564,HOMERTON_UGRAD
hb580,HOMERTON_UGRAD
hb624,HOMERTON_UGRAD
hb631,HOMERTON_UGRAD
hb677,HOMERTON_UGRAD
hbk25,HOMERTON_UGRAD
hc607,HOMERTON_UGRAD
hc640,HOMERTON_UGRAD
hcl53,HOMERTON_UGRAD
hej36,HOMERTON_UGRAD
hg496,HOMERTON_UGRAD
hgd26,HOMERTON_UGRAD
hh576,HOMERTON_UGRAD
hj366,HOMERTON_UGRAD
hl599,HOMERTON_UGRAD
hl638,HOMERTON_UGRAD
hlm67,HOMERTON_UGRAD
hls75,HOMERTON_UGRAD
hm747,HOMERTON_UGRAD
hms68,HOMERTON_UGRAD
ho312,HOMERTON_UGRAD
hs800,HOMERTON_UGRAD
ht480,HOMERTON_UGRAD
htl29,HOMERTON_UGRAD
hw560,HOMERTON_UGRAD
hw562,HOMERTON_UGRAD
hw654,HOMERTON_UGRAD
hz400,HOMERTON_UGRAD
ib470,HOMERTON_UGRAD
ib515,HOMERTON_UGRAD
ib521,HOMERTON_UGRAD
icd29,HOMERTON_UGRAD
iemam2,HOMERTON_UGRAD
ij285,HOMERTON_UGRAD
ik420,HOMERTON_UGRAD
ik429,HOMERTON_UGRAD
ik431,HOMERTON_UGRAD
il347,HOMERTON_UGRAD
im508,HOMERTON_UGRAD
imm41,HOMERTON_UGRAD
imv28,HOMERTON_UGRAD
iza21,HOMERTON_UGRAD
ja542,HOMERTON_UGRAD
ja753,HOMERTON_UGRAD
ja776,HOMERTON_UGRAD
jab322,HOMERTON_UGRAD
janea2,HOMERTON_UGRAD
jb2560,HOMERTON_UGRAD
jc2481,HOMERTON_UGRAD
jcw91,HOMERTON_UGRAD
jd2072,HOMERTON_UGRAD
jd925,HOMERTON_UGRAD
jd968,HOMERTON_UGRAD
jdj28,HOMERTON_UGRAD
jf690,HOMERTON_UGRAD
jfl46,HOMERTON_UGRAD
jg2114,HOMERTON_UGRAD
jh2210,HOMERTON_UGRAD
jh2410,HOMERTON_UGRAD
jh2436,HOMERTON_UGRAD
jj563,HOMERTON_UGRAD
jj602,HOMERTON_UGRAD
jj603,HOMERTON_UGRAD
jjw93,HOMERTON_UGRAD
jk918,HOMERTON_UGRAD
jl2253,HOMERTON_UGRAD
jm2395,HOMERTON_UGRAD
jm2534,HOMERTON_UGRAD
jm2598,HOMERTON_UGRAD
jm2602,HOMERTON_UGRAD
jms342,HOMERTON_UGRAD
jo492,HOMERTON_UGRAD
jp2064,HOMERTON_UGRAD
jp984,HOMERTON_UGRAD
js2597,HOMERTON_UGRAD
js2661,HOMERTON_UGRAD
js2662,HOMERTON_UGRAD
jsa48,HOMERTON_UGRAD
jw2126,HOMERTON_UGRAD
jw2190,HOMERTON_UGRAD
jw2300,HOMERTON_UGRAD
jw2314,HOMERTON_UGRAD
jwds2,HOMERTON_UGRAD
jx321,HOMERTON_UGRAD
jy449,HOMERTON_UGRAD
jz507,HOMERTON_UGRAD
jz641,HOMERTON_UGRAD
ka600,HOMERTON_UGRAD
kb784,HOMERTON_UGRAD
kc600,HOMERTON_UGRAD
kc604,HOMERTON_UGRAD
kcjn2,HOMERTON_UGRAD
kd492,HOMERTON_UGRAD
kgj21,HOMERTON_UGRAD
kgmc2,HOMERTON_UGRAD
kj391,HOMERTON_UGRAD
kjal3,HOMERTON_UGRAD
kk724,HOMERTON_UGRAD
kkc33,HOMERTON_UGRAD
km845,HOMERTON_UGRAD
km893,HOMERTON_UGRAD
km921,HOMERTON_UGRAD
km926,HOMERTON_UGRAD
kmc60,HOMERTON_UGRAD
kmz24,HOMERTON_UGRAD
kn393,HOMERTON_UGRAD
kob22,HOMERTON_UGRAD
kp556,HOMERTON_UGRAD
kp568,HOMERTON_UGRAD
kr466,HOMERTON_UGRAD
kr555,HOMERTON_UGRAD
ks2026,HOMERTON_UGRAD
ks977,HOMERTON_UGRAD
ksw40,HOMERTON_UGRAD
kt489,HOMERTON_UGRAD
kt527,HOMERTON_UGRAD
kv332,HOMERTON_UGRAD
kw524,HOMERTON_UGRAD
kw549,HOMERTON_UGRAD
kwk23,HOMERTON_UGRAD
kx240,HOMERTON_UGRAD
kyt28,HOMERTON_UGRAD
la485,HOMERTON_UGRAD
la527,HOMERTON_UGRAD
lb2034,HOMERTON_UGRAD
lb2036,HOMERTON_UGRAD
lb877,HOMERTON_UGRAD
lb878,HOMERTON_UGRAD
lb913,HOMERTON_UGRAD
lbb34,HOMERTON_UGRAD
lc913,HOMERTON_UGRAD
lc954,HOMERTON_UGRAD
lc975,HOMERTON_UGRAD
ld669,HOMERTON_UGRAD
ldgc3,HOMERTON_UGRAD
le350,HOMERTON_UGRAD
lek49,HOMERTON_UGRAD
lf524,HOMERTON_UGRAD
lgs40,HOMERTON_UGRAD
lh790,HOMERTON_UGRAD
lh799,HOMERTON_UGRAD
lhm39,HOMERTON_UGRAD
lj410,HOMERTON_UGRAD
lk476,HOMERTON_UGRAD
llcph2,HOMERTON_UGRAD
lm2056,HOMERTON_UGRAD
lm874,HOMERTON_UGRAD
lmj38,HOMERTON_UGRAD
lmjh3,HOMERTON_UGRAD
lmt49,HOMERTON_UGRAD
ln388,HOMERTON_UGRAD
lp598,HOMERTON_UGRAD
lpmp2,HOMERTON_UGRAD
lrd37,HOMERTON_UGRAD
lrn22,HOMERTON_UGRAD
lrv24,HOMERTON_UGRAD
ls2007,HOMERTON_UGRAD
ls2056,HOMERTON_UGRAD
lt570,HOMERTON_UGRAD
lw704,HOMERTON_UGRAD
lw722,HOMERTON_UGRAD
lw723,HOMERTON_UGRAD
lw726,HOMERTON_UGRAD
lw729,HOMERTON_UGRAD
lw764,HOMERTON_UGRAD
lwht2,HOMERTON_UGRAD
ma2041,HOMERTON_UGRAD
ma2044,HOMERTON_UGRAD
ma2046,HOMERTON_UGRAD
ma2104,HOMERTON_UGRAD
ma934,HOMERTON_UGRAD
ma941,HOMERTON_UGRAD
mam280,HOMERTON_UGRAD
mb2459,HOMERTON_UGRAD
mb2615,HOMERTON_UGRAD
mc2265,HOMERTON_UGRAD
mc2379,HOMERTON_UGRAD
mct54,HOMERTON_UGRAD
md886,HOMERTON_UGRAD
md921,HOMERTON_UGRAD
md953,HOMERTON_UGRAD
me510,HOMERTON_UGRAD
me527,HOMERTON_UGRAD
megd2,HOMERTON_UGRAD
mg2038,HOMERTON_UGRAD
mg2084,HOMERTON_UGRAD
mgm60,HOMERTON_UGRAD
mh2111,HOMERTON_UGRAD
mh2115,HOMERTON_UGRAD
mid24,HOMERTON_UGRAD
mio20,HOMERTON_UGRAD
mk2165,HOMERTON_UGRAD
mkbo2,HOMERTON_UGRAD
mkw40,HOMERTON_UGRAD
mm2579,HOMERTON_UGRAD
mm2580,HOMERTON_UGRAD
mm2669,HOMERTON_UGRAD
mm2773,HOMERTON_UGRAD
mm2779,HOMERTON_UGRAD
mm2785,HOMERTON_UGRAD
mms88,HOMERTON_UGRAD
mo473,HOMERTON_UGRAD
mo521,HOMERTON_UGRAD
mo537,HOMERTON_UGRAD
mp948,HOMERTON_UGRAD
mr899,HOMERTON_UGRAD
mr900,HOMERTON_UGRAD
mr901,HOMERTON_UGRAD
mr931,HOMERTON_UGRAD
mrl61,HOMERTON_UGRAD
ms2732,HOMERTON_UGRAD
ms2749,HOMERTON_UGRAD
ms2917,HOMERTON_UGRAD
ms2920,HOMERTON_UGRAD
ms3022,HOMERTON_UGRAD
ms3031,HOMERTON_UGRAD
ms3036,HOMERTON_UGRAD
mt958,HOMERTON_UGRAD
mvd25,HOMERTON_UGRAD
mvj21,HOMERTON_UGRAD
mw848,HOMERTON_UGRAD
mya27,HOMERTON_UGRAD
mz449,HOMERTON_UGRAD
na596,HOMERTON_UGRAD
nahd2,HOMERTON_UGRAD
nb678,HOMERTON_UGRAD
nb682,HOMERTON_UGRAD
nd541,HOMERTON_UGRAD
nda28,HOMERTON_UGRAD
nf390,HOMERTON_UGRAD
ng539,HOMERTON_UGRAD
nh543,HOMERTON_UGRAD
nh560,HOMERTON_UGRAD
ni275,HOMERTON_UGRAD
nib25,HOMERTON_UGRAD
nk577,HOMERTON_UGRAD
nk604,HOMERTON_UGRAD
nl460,HOMERTON_UGRAD
nms50,HOMERTON_UGRAD
np580,HOMERTON_UGRAD
nt455,HOMERTON_UGRAD
nt470,HOMERTON_UGRAD
nw456,HOMERTON_UGRAD
oa286,HOMERTON_UGRAD
oa319,HOMERTON_UGRAD
ob399,HOMERTON_UGRAD
odt21,HOMERTON_UGRAD
of284,HOMERTON_UGRAD
oh299,HOMERTON_UGRAD
oh318,HOMERTON_UGRAD
ol297,HOMERTON_UGRAD
op313,HOMERTON_UGRAD
os464,HOMERTON_UGRAD
ots27,HOMERTON_UGRAD
pa442,HOMERTON_UGRAD
pc664,HOMERTON_UGRAD
pc670,HOMERTON_UGRAD
pc693,HOMERTON_UGRAD
pc716,HOMERTON_UGRAD
pl509,HOMERTON_UGRAD
pp517,HOMERTON_UGRAD
pp581,HOMERTON_UGRAD
ps918,HOMERTON_UGRAD
ql341,HOMERTON_UGRAD
qs230,HOMERTON_UGRAD
rag51,HOMERTON_UGRAD
rb2069,HOMERTON_UGRAD
rc864,HOMERTON_UGRAD
rcs69,HOMERTON_UGRAD
rdp40,HOMERTON_UGRAD
re395,HOMERTON_UGRAD
rep64,HOMERTON_UGRAD
rg701,HOMERTON_UGRAD
rg712,HOMERTON_UGRAD
rh786,HOMERTON_UGRAD
rh875,HOMERTON_UGRAD
rjc221,HOMERTON_UGRAD
rk662,HOMERTON_UGRAD
rkd40,HOMERTON_UGRAD
rl680,HOMERTON_UGRAD
rlb65,HOMERTON_UGRAD
rlk36,HOMERTON_UGRAD
rm2102,HOMERTON_UGRAD
rm2103,HOMERTON_UGRAD
rm2158,HOMERTON_UGRAD
rmr53,HOMERTON_UGRAD
rn436,HOMERTON_UGRAD
rp768,HOMERTON_UGRAD
rr643,HOMERTON_UGRAD
rrp28,HOMERTON_UGRAD
rs2126,HOMERTON_UGRAD
rs2127,HOMERTON_UGRAD
rs2282,HOMERTON_UGRAD
rsm66,HOMERTON_UGRAD
rsp43,HOMERTON_UGRAD
rt617,HOMERTON_UGRAD
rx241,HOMERTON_UGRAD
rz331,HOMERTON_UGRAD
rz342,HOMERTON_UGRAD
sajf3,HOMERTON_UGRAD
sb2614,HOMERTON_UGRAD
sb2698,HOMERTON_UGRAD
sc2235,HOMERTON_UGRAD
sc2480,HOMERTON_UGRAD
sd2041,HOMERTON_UGRAD
sd978,HOMERTON_UGRAD
sd984,HOMERTON_UGRAD
sg2016,HOMERTON_UGRAD
sg2067,HOMERTON_UGRAD
sh2147,HOMERTON_UGRAD
shb46,HOMERTON_UGRAD
shc54,HOMERTON_UGRAD
shk50,HOMERTON_UGRAD
sia26,HOMERTON_UGRAD
sil24,HOMERTON_UGRAD
sj662,HOMERTON_UGRAD
sjg234,HOMERTON_UGRAD
sjp241,HOMERTON_UGRAD
sjqw2,HOMERTON_UGRAD
sk2185,HOMERTON_UGRAD
sk2186,HOMERTON_UGRAD
sk2211,HOMERTON_UGRAD
sk2216,HOMERTON_UGRAD
skr44,HOMERTON_UGRAD
sl2056,HOMERTON_UGRAD
sl2066,HOMERTON_UGRAD
sl2070,HOMERTON_UGRAD
sle49,HOMERTON_UGRAD
sm2357,HOMERTON_UGRAD
smc236,HOMERTON_UGRAD
sp2065,HOMERTON_UGRAD
sp2066,HOMERTON_UGRAD
sp2070,HOMERTON_UGRAD
sp2116,HOMERTON_UGRAD
sp2117,HOMERTON_UGRAD
sp2118,HOMERTON_UGRAD
sp2167,HOMERTON_UGRAD
sp2168,HOMERTON_UGRAD
srw71,HOMERTON_UGRAD
srw76,HOMERTON_UGRAD
st885,HOMERTON_UGRAD
st892,HOMERTON_UGRAD
st927,HOMERTON_UGRAD
st938,HOMERTON_UGRAD
sw995,HOMERTON_UGRAD
sw999,HOMERTON_UGRAD
sz444,HOMERTON_UGRAD
ta499,HOMERTON_UGRAD
tb795,HOMERTON_UGRAD
tct27,HOMERTON_UGRAD
td489,HOMERTON_UGRAD
tdl35,HOMERTON_UGRAD
tg463,HOMERTON_UGRAD
tgb37,HOMERTON_UGRAD
th670,HOMERTON_UGRAD
th708,HOMERTON_UGRAD
th711,HOMERTON_UGRAD
th713,HOMERTON_UGRAD
thn29,HOMERTON_UGRAD
ti301,HOMERTON_UGRAD
tj359,HOMERTON_UGRAD
tjg48,HOMERTON_UGRAD
tjm85,HOMERTON_UGRAD
tk640,HOMERTON_UGRAD
tl545,HOMERTON_UGRAD
tm716,HOMERTON_UGRAD
tm742,HOMERTON_UGRAD
tn373,HOMERTON_UGRAD
to333,HOMERTON_UGRAD
tt489,HOMERTON_UGRAD
tt514,HOMERTON_UGRAD
tt516,HOMERTON_UGRAD
tta24,HOMERTON_UGRAD
tw563,HOMERTON_UGRAD
tw609,HOMERTON_UGRAD
ua238,HOMERTON_UGRAD
va340,HOMERTON_UGRAD
vap35,HOMERTON_UGRAD
vbo21,HOMERTON_UGRAD
vg353,HOMERTON_UGRAD
vga21,HOMERTON_UGRAD
vi217,HOMERTON_UGRAD
vi227,HOMERTON_UGRAD
vjm33,HOMERTON_UGRAD
vm428,HOMERTON_UGRAD
vmsw2,HOMERTON_UGRAD
vt319,HOMERTON_UGRAD
wf272,HOMERTON_UGRAD
wh361,HOMERTON_UGRAD
wh376,HOMERTON_UGRAD
wqsh2,HOMERTON_UGRAD
ws394,HOMERTON_UGRAD
wt294,HOMERTON_UGRAD
wt295,HOMERTON_UGRAD
ww410,HOMERTON_UGRAD
www25,HOMERTON_UGRAD
xc328,HOMERTON_UGRAD
xl505,HOMERTON_UGRAD
xl557,HOMERTON_UGRAD
xs287,HOMERTON_UGRAD
xs290,HOMERTON_UGRAD
yad22,HOMERTON_UGRAD
yal28,HOMERTON_UGRAD
yc574,HOMERTON_UGRAD
yg389,HOMERTON_UGRAD
yg410,HOMERTON_UGRAD
yhl63,HOMERTON_UGRAD
yj374,HOMERTON_UGRAD
yk403,HOMERTON_UGRAD
yk433,HOMERTON_UGRAD
ykl31,HOMERTON_UGRAD
yl2001,HOMERTON_UGRAD
yl764,HOMERTON_UGRAD
yl835,HOMERTON_UGRAD
yl913,HOMERTON_UGRAD
ym401,HOMERTON_UGRAD
yrz21,HOMERTON_UGRAD
ys609,HOMERTON_UGRAD
yw483,HOMERTON_UGRAD
yw584,HOMERTON_UGRAD
yx356,HOMERTON_UGRAD
yx394,HOMERTON_UGRAD
yxy22,HOMERTON_UGRAD
yz703,HOMERTON_UGRAD
yz814,HOMERTON_UGRAD
yz816,HOMERTON_UGRAD
zc348,HOMERTON_UGRAD
zc364,HOMERTON_UGRAD
zd291,HOMERTON_UGRAD
zds21,HOMERTON_UGRAD
zg279,HOMERTON_UGRAD
zh372,HOMERTON_UGRAD
zl559,HOMERTON_UGRAD
zm328,HOMERTON_UGRAD
zon20,HOMERTON_UGRAD
zv216,HOMERTON_UGRAD
zw440,HOMERTON_UGRAD
zz424,HOMERTON_UGRAD
zz456,HOMERTON_UGRAD
aa2357,HOMERTON_PGRAD
aa856,HOMERTON_PGRAD
aaa204,HOMERTON_PGRAD
aaa208,HOMERTON_PGRAD
aai30,HOMERTON_PGRAD
aam93,HOMERTON_PGRAD
aams4,HOMERTON_PGRAD
aamw4,HOMERTON_PGRAD
aas200,HOMERTON_PGRAD
ab2858,HOMERTON_PGRAD
ab3073,HOMERTON_PGRAD
ab3087,HOMERTON_PGRAD
abb52,HOMERTON_PGRAD
abyg2,HOMERTON_PGRAD
ac2219,HOMERTON_PGRAD
ac2273,HOMERTON_PGRAD
ac2281,HOMERTON_PGRAD
ac2282,HOMERTON_PGRAD
ac2357,HOMERTON_PGRAD
ac2447,HOMERTON_PGRAD
ac2570,HOMERTON_PGRAD
ac2597,HOMERTON_PGRAD
ac2647,HOMERTON_PGRAD
acd68,HOMERTON_PGRAD
acj55,HOMERTON_PGRAD
acll2,HOMERTON_PGRAD
acql2,HOMERTON_PGRAD
acwl2,HOMERTON_PGRAD
ad2029,HOMERTON_PGRAD
ad863,HOMERTON_PGRAD
ad974,HOMERTON_PGRAD
adm89,HOMERTON_PGRAD
adymaa2,HOMERTON_PGRAD
ae362,HOMERTON_PGRAD
aeas2,HOMERTON_PGRAD
aem215,HOMERTON_PGRAD
aer80,HOMERTON_PGRAD
af753,HOMERTON_PGRAD
ag2059,HOMERTON_PGRAD
ag2084,HOMERTON_PGRAD
ag2119,HOMERTON_PGRAD
ag2323,HOMERTON_PGRAD
ag979,HOMERTON_PGRAD
agb61,HOMERTON_PGRAD
ah2035,HOMERTON_PGRAD
ah2054,HOMERTON_PGRAD
ah2136,HOMERTON_PGRAD
ah2185,HOMERTON_PGRAD
ah2186,HOMERTON_PGRAD
ah2219,HOMERTON_PGRAD
ah2239,HOMERTON_PGRAD
ah2272,HOMERTON_PGRAD
ah2313,HOMERTON_PGRAD
ahr39,HOMERTON_PGRAD
aj683,HOMERTON_PGRAD
ajb332,HOMERTON_PGRAD
ajb352,HOMERTON_PGRAD
aje55,HOMERTON_PGRAD
ajew3,HOMERTON_PGRAD
ajh290,HOMERTON_PGRAD
ajh295,HOMERTON_PGRAD
ajm342,HOMERTON_PGRAD
ajth4,HOMERTON_PGRAD
ak2019,HOMERTON_PGRAD
ak2320,HOMERTON_PGRAD
ak2358,HOMERTON_PGRAD
ak2370,HOMERTON_PGRAD
ak2512,HOMERTON_PGRAD
akg48,HOMERTON_PGRAD
al2035,HOMERTON_PGRAD
al2159,HOMERTON_PGRAD
al2177,HOMERTON_PGRAD
al883,HOMERTON_PGRAD
ald65,HOMERTON_PGRAD
ale35,HOMERTON_PGRAD
aleh4,HOMERTON_PGRAD
alh94,HOMERTON_PGRAD
alr62,HOMERTON_PGRAD
am2938,HOMERTON_PGRAD
am3167,HOMERTON_PGRAD
amh211,HOMERTON_PGRAD
amk217,HOMERTON_PGRAD
amk224,HOMERTON_PGRAD
aml200,HOMERTON_PGRAD
ams330,HOMERTON_PGRAD
ams331,HOMERTON_PGRAD
an601,HOMERTON_PGRAD
anj30,HOMERTON_PGRAD
anss2,HOMERTON_PGRAD
ao370,HOMERTON_PGRAD
aoa42,HOMERTON_PGRAD
aoi23,HOMERTON_PGRAD
ap2317,HOMERTON_PGRAD
ap2369,HOMERTON_PGRAD
apb88,HOMERTON_PGRAD
aq247,HOMERTON_PGRAD
ar2192,HOMERTON_PGRAD
arb213,HOMERTON_PGRAD
arb239,HOMERTON_PGRAD
arcr2,HOMERTON_PGRAD
arm200,HOMERTON_PGRAD
arp77,HOMERTON_PGRAD
as2873,HOMERTON_PGRAD
as2916,HOMERTON_PGRAD
as3259,HOMERTON_PGRAD
as3266,HOMERTON_PGRAD
as3424,HOMERTON_PGRAD
as3523,HOMERTON_PGRAD
asna2,HOMERTON_PGRAD
at998,HOMERTON_PGRAD
atd40,HOMERTON_PGRAD
atj31,HOMERTON_PGRAD
atnh2,HOMERTON_PGRAD
atss2,HOMERTON_PGRAD
av469,HOMERTON_PGRAD
av583,HOMERTON_PGRAD
av668,HOMERTON_PGRAD
avjv2,HOMERTON_PGRAD
aw2001,HOMERTON_PGRAD
aw2027,HOMERTON_PGRAD
aw740,HOMERTON_PGRAD
aw858,HOMERTON_PGRAD
aw894,HOMERTON_PGRAD
aw977,HOMERTON_PGRAD
awed2,HOMERTON_PGRAD
azp21,HOMERTON_PGRAD
ba375,HOMERTON_PGRAD
ba394,HOMERTON_PGRAD
be285,HOMERTON_PGRAD
be290,HOMERTON_PGRAD
bg460,HOMERTON_PGRAD
bgb26,HOMERTON_PGRAD
bjkm2,HOMERTON_PGRAD
bjm56,HOMERTON_PGRAD
bk427,HOMERTON_PGRAD
bk469,HOMERTON_PGRAD
bkr22,HOMERTON_PGRAD
bl497,HOMERTON_PGRAD
bl514,HOMERTON_PGRAD
bl532,HOMERTON_PGRAD
blb44,HOMERTON_PGRAD
bm525,HOMERTON_PGRAD
bm663,HOMERTON_PGRAD
bmna2,HOMERTON_PGRAD
bpjw3,HOMERTON_PGRAD
bpm32,HOMERTON_PGRAD
br410,HOMERTON_PGRAD
bt431,HOMERTON_PGRAD
btl34,HOMERTON_PGRAD
btr27,HOMERTON_PGRAD
bw454,HOMERTON_PGRAD
cac233,HOMERTON_PGRAD
cb2049,HOMERTON_PGRAD
cb2112,HOMERTON_PGRAD
cbc35,HOMERTON_PGRAD
cc2115,HOMERTON_PGRAD
cc2168,HOMERTON_PGRAD
cc2169,HOMERTON_PGRAD
cc342,HOMERTON_PGRAD
cd832,HOMERTON_PGRAD
cem206,HOMERTON_PGRAD
ceo32,HOMERTON_PGRAD
cet63,HOMERTON_PGRAD
cgr32,HOMERTON_PGRAD
ch661,HOMERTON_PGRAD
ch995,HOMERTON_PGRAD
cis27,HOMERTON_PGRAD
cj470,HOMERTON_PGRAD
cjs248,HOMERTON_PGRAD
cl722,HOMERTON_PGRAD
cl873,HOMERTON_PGRAD
cl945,HOMERTON_PGRAD
cl967,HOMERTON_PGRAD
cla49,HOMERTON_PGRAD
clb224,HOMERTON_PGRAD
clh91,HOMERTON_PGRAD
clp68,HOMERTON_PGRAD
clr60,HOMERTON_PGRAD
cm2202,HOMERTON_PGRAD
cm2231,HOMERTON_PGRAD
cmb254,HOMERTON_PGRAD
cmea3,HOMERTON_PGRAD
cml85,HOMERTON_PGRAD
cms222,HOMERTON_PGRAD
cmw203,HOMERTON_PGRAD
cn399,HOMERTON_PGRAD
cn412,HOMERTON_PGRAD
cnp31,HOMERTON_PGRAD
co422,HOMERTON_PGRAD
cp692,HOMERTON_PGRAD
cp723,HOMERTON_PGRAD
cp774,HOMERTON_PGRAD
cp818,HOMERTON_PGRAD
cpdcbc2,HOMERTON_PGRAD
cpf24,HOMERTON_PGRAD
cr737,HOMERTON_PGRAD
crh65,HOMERTON_PGRAD
crs73,HOMERTON_PGRAD
cs2146,HOMERTON_PGRAD
cs2221,HOMERTON_PGRAD
cs2253,HOMERTON_PGRAD
cs2255,HOMERTON_PGRAD
cs288,HOMERTON_PGRAD
csc66,HOMERTON_PGRAD
csiv2,HOMERTON_PGRAD
csj35,HOMERTON_PGRAD
cto21,HOMERTON_PGRAD
ctr29,HOMERTON_PGRAD
cv364,HOMERTON_PGRAD
cw734,HOMERTON_PGRAD
cw862,HOMERTON_PGRAD
cws41,HOMERTON_PGRAD
cz381,HOMERTON_PGRAD
cz382,HOMERTON_PGRAD
dak53,HOMERTON_PGRAD
dap68,HOMERTON_PGRAD
db804,HOMERTON_PGRAD
db863,HOMERTON_PGRAD
db938,HOMERTON_PGRAD
db943,HOMERTON_PGRAD
dcc55,HOMERTON_PGRAD
dd603,HOMERTON_PGRAD
dd653,HOMERTON_PGRAD
ddzs2,HOMERTON_PGRAD
del34,HOMERTON_PGRAD
dfb29,HOMERTON_PGRAD
dg667,HOMERTON_PGRAD
djm249,HOMERTON_PGRAD
dk659,HOMERTON_PGRAD
dl672,HOMERTON_PGRAD
dlg42,HOMERTON_PGRAD
dls31,HOMERTON_PGRAD
dls59,HOMERTON_PGRAD
dm2028,HOMERTON_PGRAD
dm888,HOMERTON_PGRAD
dmd43,HOMERTON_PGRAD
dmw51,HOMERTON_PGRAD
doo26,HOMERTON_PGRAD
dr576,HOMERTON_PGRAD
drm65,HOMERTON_PGRAD
ds2047,HOMERTON_PGRAD
ds2063,HOMERTON_PGRAD
ds2071,HOMERTON_PGRAD
ds2075,HOMERTON_PGRAD
ds2097,HOMERTON_PGRAD
ds907,HOMERTON_PGRAD
dsb48,HOMERTON_PGRAD
dvs30,HOMERTON_PGRAD
dwg29,HOMERTON_PGRAD
dz353,HOMERTON_PGRAD
ea394,HOMERTON_PGRAD
ea479,HOMERTON_PGRAD
eaao2,HOMERTON_PGRAD
eb894,HOMERTON_PGRAD
eb908,HOMERTON_PGRAD
eb971,HOMERTON_PGRAD
ec742,HOMERTON_PGRAD
ec858,HOMERTON_PGRAD
ec859,HOMERTON_PGRAD
ecm72,HOMERTON_PGRAD
ecps2,HOMERTON_PGRAD
ed340,HOMERTON_PGRAD
ee360,HOMERTON_PGRAD
ees49,HOMERTON_PGRAD
ef470,HOMERTON_PGRAD
efa25,HOMERTON_PGRAD
eg672,HOMERTON_PGRAD
eg676,HOMERTON_PGRAD
egb36,HOMERTON_PGRAD
eh659,HOMERTON_PGRAD
eh664,HOMERTON_PGRAD
ehg29,HOMERTON_PGRAD
ehg36,HOMERTON_PGRAD
ehyl2,HOMERTON_PGRAD
ei265,HOMERTON_PGRAD
eif20,HOMERTON_PGRAD
ej369,HOMERTON_PGRAD
ejh99,HOMERTON_PGRAD
ejlh3,HOMERTON_PGRAD
ejn43,HOMERTON_PGRAD
ejp81,HOMERTON_PGRAD
ek518,HOMERTON_PGRAD
ekr24,HOMERTON_PGRAD
ekw32,HOMERTON_PGRAD
el586,HOMERTON_PGRAD
elj40,HOMERTON_PGRAD
elk44,HOMERTON_PGRAD
els86,HOMERTON_PGRAD
em828,HOMERTON_PGRAD
em933,HOMERTON_PGRAD
em948,HOMERTON_PGRAD
emb84,HOMERTON_PGRAD
emh77,HOMERTON_PGRAD
emhr2,HOMERTON_PGRAD
emk46,HOMERTON_PGRAD
emo41,HOMERTON_PGRAD
enw25,HOMERTON_PGRAD
ep723,HOMERTON_PGRAD
epjj2,HOMERTON_PGRAD
era39,HOMERTON_PGRAD
erb72,HOMERTON_PGRAD
erm78,HOMERTON_PGRAD
ermt3,HOMERTON_PGRAD
ersl2,HOMERTON_PGRAD
es2024,HOMERTON_PGRAD
et531,HOMERTON_PGRAD
ets37,HOMERTON_PGRAD
eu236,HOMERTON_PGRAD
ev349,HOMERTON_PGRAD
evb33,HOMERTON_PGRAD
ew601,HOMERTON_PGRAD
ew651,HOMERTON_PGRAD
ez259,HOMERTON_PGRAD
fa408,HOMERTON_PGRAD
fa457,HOMERTON_PGRAD
fbr23,HOMERTON_PGRAD
fc537,HOMERTON_PGRAD
fd383,HOMERTON_PGRAD
fe287,HOMERTON_PGRAD
fe289,HOMERTON_PGRAD
fel34,HOMERTON_PGRAD
femg3,HOMERTON_PGRAD
ff313,HOMERTON_PGRAD
ffd23,HOMERTON_PGRAD
fgg22,HOMERTON_PGRAD
fk325,HOMERTON_PGRAD
fk373,HOMERTON_PGRAD
fk379,HOMERTON_PGRAD
fl386,HOMERTON_PGRAD
fld25,HOMERTON_PGRAD
fm609,HOMERTON_PGRAD
fr412,HOMERTON_PGRAD
frg23,HOMERTON_PGRAD
frt25,HOMERTON_PGRAD
fs561,HOMERTON_PGRAD
fsv21,HOMERTON_PGRAD
fwps2,HOMERTON_PGRAD
fx222,HOMERTON_PGRAD
ga384,HOMERTON_PGRAD
ga471,HOMERTON_PGRAD
gab46,HOMERTON_PGRAD
gak31,HOMERTON_PGRAD
gas53,HOMERTON_PGRAD
gb580,HOMERTON_PGRAD
gb595,HOMERTON_PGRAD
gb705,HOMERTON_PGRAD
gbr23,HOMERTON_PGRAD
gd519,HOMERTON_PGRAD
gero2,HOMERTON_PGRAD
gf383,HOMERTON_PGRAD
ggyh2,HOMERTON_PGRAD
gh539,HOMERTON_PGRAD
gib25,HOMERTON_PGRAD
gj312,HOMERTON_PGRAD
gjam2,HOMERTON_PGRAD
gjb59,HOMERTON_PGRAD
gjs48,HOMERTON_PGRAD
gjs61,HOMERTON_PGRAD
gk485,HOMERTON_PGRAD
gl492,HOMERTON_PGRAD
gl523,HOMERTON_PGRAD
glh51,HOMERTON_PGRAD
gm636,HOMERTON_PGRAD
gm671,HOMERTON_PGRAD
gm673,HOMERTON_PGRAD
gm742,HOMERTON_PGRAD
gm775,HOMERTON_PGRAD
gmk35,HOMERTON_PGRAD
gob25,HOMERTON_PGRAD
gp542,HOMERTON_PGRAD
gr445,HOMERTON_PGRAD
grq20,HOMERTON_PGRAD
gs686,HOMERTON_PGRAD
gsl27,HOMERTON_PGRAD
gtc29,HOMERTON_PGRAD
gtj21,HOMERTON_PGRAD
ha536,HOMERTON_PGRAD
ha537,HOMERTON_PGRAD
ha540,HOMERTON_PGRAD
hab66,HOMERTON_PGRAD
hah48,HOMERTON_PGRAD
hak35,HOMERTON_PGRAD
hb567,HOMERTON_PGRAD
hb620,HOMERTON_PGRAD
hb652,HOMERTON_PGRAD
hb660,HOMERTON_PGRAD
hc443,HOMERTON_PGRAD
hccf2,HOMERTON_PGRAD
hcl52,HOMERTON_PGRAD
hcw65,HOMERTON_PGRAD
hd495,HOMERTON_PGRAD
hd510,HOMERTON_PGRAD
hes66,HOMERTON_PGRAD
hew42,HOMERTON_PGRAD
hf388,HOMERTON_PGRAD
hf391,HOMERTON_PGRAD
hf393,HOMERTON_PGRAD
hh595,HOMERTON_PGRAD
hhw25,HOMERTON_PGRAD
hic20,HOMERTON_PGRAD
hj362,HOMERTON_PGRAD
hjp52,HOMERTON_PGRAD
hjw62,HOMERTON_PGRAD
hl558,HOMERTON_PGRAD
hl625,HOMERTON_PGRAD
hl645,HOMERTON_PGRAD
hlcl2,HOMERTON_PGRAD
hlmn2,HOMERTON_PGRAD
hls73,HOMERTON_PGRAD
hm625,HOMERTON_PGRAD
hm678,HOMERTON_PGRAD
hm738,HOMERTON_PGRAD
hm759,HOMERTON_PGRAD
hmc72,HOMERTON_PGRAD
hmg46,HOMERTON_PGRAD
hmrg2,HOMERTON_PGRAD
hmt55,HOMERTON_PGRAD
hnr24,HOMERTON_PGRAD
hod20,HOMERTON_PGRAD
hp370,HOMERTON_PGRAD
hp413,HOMERTON_PGRAD
hp522,HOMERTON_PGRAD
hr242,HOMERTON_PGRAD
hrb48,HOMERTON_PGRAD
hrc40,HOMERTON_PGRAD
hs335,HOMERTON_PGRAD
hs710,HOMERTON_PGRAD
hs718,HOMERTON_PGRAD
hs813,HOMERTON_PGRAD
hs833,HOMERTON_PGRAD
hsbm2,HOMERTON_PGRAD
hsh40,HOMERTON_PGRAD
htl27,HOMERTON_PGRAD
hw546,HOMERTON_PGRAD
hw579,HOMERTON_PGRAD
hw607,HOMERTON_PGRAD
hw635,HOMERTON_PGRAD
hw639,HOMERTON_PGRAD
hz367,HOMERTON_PGRAD
hz378,HOMERTON_PGRAD
ibl24,HOMERTON_PGRAD
ic399,HOMERTON_PGRAD
icm32,HOMERTON_PGRAD
id343,HOMERTON_PGRAD
idf22,HOMERTON_PGRAD
iel28,HOMERTON_PGRAD
ifw25,HOMERTON_PGRAD
ig410,HOMERTON_PGRAD
ig415,HOMERTON_PGRAD
ih405,HOMERTON_PGRAD
ijd31,HOMERTON_PGRAD
iko20,HOMERTON_PGRAD
io254,HOMERTON_PGRAD
ir332,HOMERTON_PGRAD
irg29,HOMERTON_PGRAD
is488,HOMERTON_PGRAD
is537,HOMERTON_PGRAD
is562,HOMERTON_PGRAD
isl28,HOMERTON_PGRAD
iu215,HOMERTON_PGRAD
ja658,HOMERTON_PGRAD
ja737,HOMERTON_PGRAD
ja812,HOMERTON_PGRAD
jam256,HOMERTON_PGRAD
jars3,HOMERTON_PGRAD
jb2324,HOMERTON_PGRAD
jb2353,HOMERTON_PGRAD
jb2539,HOMERTON_PGRAD
jb2555,HOMERTON_PGRAD
jb2587,HOMERTON_PGRAD
jb2591,HOMERTON_PGRAD
jb602,HOMERTON_PGRAD
jc2112,HOMERTON_PGRAD
jc2237,HOMERTON_PGRAD
jc2239,HOMERTON_PGRAD
jc2387,HOMERTON_PGRAD
jc2490,HOMERTON_PGRAD
jc2509,HOMERTON_PGRAD
jcr82,HOMERTON_PGRAD
jcs236,HOMERTON_PGRAD
jcss3,HOMERTON_PGRAD
jdm211,HOMERTON_PGRAD
jds90,HOMERTON_PGRAD
je431,HOMERTON_PGRAD
je454,HOMERTON_PGRAD
jee43,HOMERTON_PGRAD
jeh219,HOMERTON_PGRAD
jep80,HOMERTON_PGRAD
jfc50,HOMERTON_PGRAD
jg2026,HOMERTON_PGRAD
jg414,HOMERTON_PGRAD
jg979,HOMERTON_PGRAD
jgc53,HOMERTON_PGRAD
jh2455,HOMERTON_PGRAD
jhl65,HOMERTON_PGRAD
ji282,HOMERTON_PGRAD
jis34,HOMERTON_PGRAD
jj480,HOMERTON_PGRAD
jj548,HOMERTON_PGRAD
jjo35,HOMERTON_PGRAD
jjp69,HOMERTON_PGRAD
jjt51,HOMERTON_PGRAD
jk753,HOMERTON_PGRAD
jk804,HOMERTON_PGRAD
jk893,HOMERTON_PGRAD
jkv21,HOMERTON_PGRAD
jl2377,HOMERTON_PGRAD
jl2424,HOMERTON_PGRAD
jlm210,HOMERTON_PGRAD
jlm96,HOMERTON_PGRAD
jlsa2,HOMERTON_PGRAD
jm2055,HOMERTON_PGRAD
jm2251,HOMERTON_PGRAD
jm2267,HOMERTON_PGRAD
jm2302,HOMERTON_PGRAD
jm2370,HOMERTON_PGRAD
jm2428,HOMERTON_PGRAD
jm2521,HOMERTON_PGRAD
jm2580,HOMERTON_PGRAD
jm2583,HOMERTON_PGRAD
jm789,HOMERTON_PGRAD
jmb277,HOMERTON_PGRAD
jmc276,HOMERTON_PGRAD
jmk25,HOMERTON_PGRAD
jmn57,HOMERTON_PGRAD
jmw215,HOMERTON_PGRAD
jn430,HOMERTON_PGRAD
jn434,HOMERTON_PGRAD
jn490,HOMERTON_PGRAD
jo422,HOMERTON_PGRAD
joo27,HOMERTON_PGRAD
joss2,HOMERTON_PGRAD
jpc200,HOMERTON_PGRAD
jpmp2,HOMERTON_PGRAD
jqyy2,HOMERTON_PGRAD
jr944,HOMERTON_PGRAD
jrj44,HOMERTON_PGRAD
jrj45,HOMERTON_PGRAD
js2380,HOMERTON_PGRAD
js2513,HOMERTON_PGRAD
js2669,HOMERTON_PGRAD
js2802,HOMERTON_PGRAD
js2805,HOMERTON_PGRAD
js2879,HOMERTON_PGRAD
jskt3,HOMERTON_PGRAD
jso33,HOMERTON_PGRAD
jsr72,HOMERTON_PGRAD
jss93,HOMERTON_PGRAD
jt893,HOMERTON_PGRAD
jtg34,HOMERTON_PGRAD
jv449,HOMERTON_PGRAD
jv463,HOMERTON_PGRAD
jw2141,HOMERTON_PGRAD
jw2284,HOMERTON_PGRAD
jw2291,HOMERTON_PGRAD
jw2293,HOMERTON_PGRAD
jw2319,HOMERTON_PGRAD
jw2354,HOMERTON_PGRAD
jw562,HOMERTON_PGRAD
jwp49,HOMERTON_PGRAD
jx296,HOMERTON_PGRAD
jx319,HOMERTON_PGRAD
jy477,HOMERTON_PGRAD
jy483,HOMERTON_PGRAD
jyf23,HOMERTON_PGRAD
jz623,HOMERTON_PGRAD
jz625,HOMERTON_PGRAD
jz626,HOMERTON_PGRAD
ka548,HOMERTON_PGRAD
ka597,HOMERTON_PGRAD
kaeg2,HOMERTON_PGRAD
kag52,HOMERTON_PGRAD
kb612,HOMERTON_PGRAD
kb683,HOMERTON_PGRAD
kb712,HOMERTON_PGRAD
kb772,HOMERTON_PGRAD
kcc42,HOMERTON_PGRAD
kd209,HOMERTON_PGRAD
kd532,HOMERTON_PGRAD
kf387,HOMERTON_PGRAD
kfw29,HOMERTON_PGRAD
kg512,HOMERTON_PGRAD
kh681,HOMERTON_PGRAD
kh698,HOMERTON_PGRAD
kh731,HOMERTON_PGRAD
kh770,HOMERTON_PGRAD
ki283,HOMERTON_PGRAD
kiyi2,HOMERTON_PGRAD
kja41,HOMERTON_PGRAD
kk727,HOMERTON_PGRAD
kk741,HOMERTON_PGRAD
kkb32,HOMERTON_PGRAD
kks41,HOMERTON_PGRAD
kl333,HOMERTON_PGRAD
kl597,HOMERTON_PGRAD
kl598,HOMERTON_PGRAD
klm89,HOMERTON_PGRAD
kls83,HOMERTON_PGRAD
klt53,HOMERTON_PGRAD
km577,HOMERTON_PGRAD
km771,HOMERTON_PGRAD
kmbf2,HOMERTON_PGRAD
kmr68,HOMERTON_PGRAD
kmvl2,HOMERTON_PGRAD
kmw62,HOMERTON_PGRAD
kn400,HOMERTON_PGRAD
kp541,HOMERTON_PGRAD
kp576,HOMERTON_PGRAD
kp590,HOMERTON_PGRAD
kra33,HOMERTON_PGRAD
krf29,HOMERTON_PGRAD
krh43,HOMERTON_PGRAD
ks2107,HOMERTON_PGRAD
ks2114,HOMERTON_PGRAD
kspf2,HOMERTON_PGRAD
kss54,HOMERTON_PGRAD
kth28,HOMERTON_PGRAD
ktw26,HOMERTON_PGRAD
kvc23,HOMERTON_PGRAD
kvp26,HOMERTON_PGRAD
kw547,HOMERTON_PGRAD
ky328,HOMERTON_PGRAD
la499,HOMERTON_PGRAD
la503,HOMERTON_PGRAD
lah86,HOMERTON_PGRAD
lb2009,HOMERTON_PGRAD
lb2014,HOMERTON_PGRAD
lb2044,HOMERTON_PGRAD
lb2049,HOMERTON_PGRAD
lb702,HOMERTON_PGRAD
lb780,HOMERTON_PGRAD
lb950,HOMERTON_PGRAD
lb952,HOMERTON_PGRAD
lc851,HOMERTON_PGRAD
lc881,HOMERTON_PGRAD
lc890,HOMERTON_PGRAD
lc935,HOMERTON_PGRAD
lc964,HOMERTON_PGRAD
lccc2,HOMERTON_PGRAD
lcd51,HOMERTON_PGRAD
lcsa2,HOMERTON_PGRAD
lcw54,HOMERTON_PGRAD
ld111,HOMERTON_PGRAD
ld680,HOMERTON_PGRAD
ld693,HOMERTON_PGRAD
ldo23,HOMERTON_PGRAD
lec67,HOMERTON_PGRAD
lew64,HOMERTON_PGRAD
lf479,HOMERTON_PGRAD
lfm36,HOMERTON_PGRAD
lgr29,HOMERTON_PGRAD
lh309,HOMERTON_PGRAD
lhc38,HOMERTON_PGRAD
lhis2,HOMERTON_PGRAD
lhr26,HOMERTON_PGRAD
lj405,HOMERTON_PGRAD
lj408,HOMERTON_PGRAD
ljc73,HOMERTON_PGRAD
ljc76,HOMERTON_PGRAD
ljeb2,HOMERTON_PGRAD
ljm212,HOMERTON_PGRAD
ljs96,HOMERTON_PGRAD
ljw91,HOMERTON_PGRAD
lk499,HOMERTON_PGRAD
ll412,HOMERTON_PGRAD
ll693,HOMERTON_PGRAD
llw30,HOMERTON_PGRAD
lm2022,HOMERTON_PGRAD
lm388,HOMERTON_PGRAD
lmc93,HOMERTON_PGRAD
lms206,HOMERTON_PGRAD
lo329,HOMERTON_PGRAD
lo354,HOMERTON_PGRAD
loc23,HOMERTON_PGRAD
lr444,HOMERTON_PGRAD
lr525,HOMERTON_PGRAD
lsc38,HOMERTON_PGRAD
lsc42,HOMERTON_PGRAD
lsw38,HOMERTON_PGRAD
lt458,HOMERTON_PGRAD
ltlb2,HOMERTON_PGRAD
lv379,HOMERTON_PGRAD
lv380,HOMERTON_PGRAD
lw608,HOMERTON_PGRAD
lw673,HOMERTON_PGRAD
lw784,HOMERTON_PGRAD
lw792,HOMERTON_PGRAD
ly354,HOMERTON_PGRAD
lysk2,HOMERTON_PGRAD
lz471,HOMERTON_PGRAD
ma795,HOMERTON_PGRAD
ma919,HOMERTON_PGRAD
mad76,HOMERTON_PGRAD
mah99,HOMERTON_PGRAD
mar69,HOMERTON_PGRAD
masr4,HOMERTON_PGRAD
mat74,HOMERTON_PGRAD
mb2303,HOMERTON_PGRAD
mb2494,HOMERTON_PGRAD
mb2602,HOMERTON_PGRAD
mb754,HOMERTON_PGRAD
mc2117,HOMERTON_PGRAD
mc2217,HOMERTON_PGRAD
mc2276,HOMERTON_PGRAD
mck39,HOMERTON_PGRAD
mcl66,HOMERTON_PGRAD
mcwc2,HOMERTON_PGRAD
md2011,HOMERTON_PGRAD
md2014,HOMERTON_PGRAD
md863,HOMERTON_PGRAD
md998,HOMERTON_PGRAD
mdr64,HOMERTON_PGRAD
mdrh2,HOMERTON_PGRAD
mds96,HOMERTON_PGRAD
mdw30,HOMERTON_PGRAD
mf800,HOMERTON_PGRAD
mf806,HOMERTON_PGRAD
mf813,HOMERTON_PGRAD
mg2096,HOMERTON_PGRAD
mg2114,HOMERTON_PGRAD
mg976,HOMERTON_PGRAD
mgaa2,HOMERTON_PGRAD
mhgk4,HOMERTON_PGRAD
mhs54,HOMERTON_PGRAD
mhw38,HOMERTON_PGRAD
mj622,HOMERTON_PGRAD
mjp225,HOMERTON_PGRAD
mjw222,HOMERTON_PGRAD
mk2144,HOMERTON_PGRAD
mks55,HOMERTON_PGRAD
mkw38,HOMERTON_PGRAD
ml2001,HOMERTON_PGRAD
mlb71,HOMERTON_PGRAD
mld53,HOMERTON_PGRAD
mle34,HOMERTON_PGRAD
mm2372,HOMERTON_PGRAD
mm2508,HOMERTON_PGRAD
mm2546,HOMERTON_PGRAD
mm2573,HOMERTON_PGRAD
mm2637,HOMERTON_PGRAD
mm2734,HOMERTON_PGRAD
mm2793,HOMERTON_PGRAD
mm834,HOMERTON_PGRAD
mni26,HOMERTON_PGRAD
mnm31,HOMERTON_PGRAD
mo550,HOMERTON_PGRAD
mp2025,HOMERTON_PGRAD
mp2049,HOMERTON_PGRAD
mp2087,HOMERTON_PGRAD
mp975,HOMERTON_PGRAD
mp984,HOMERTON_PGRAD
mp995,HOMERTON_PGRAD
mpad3,HOMERTON_PGRAD
mpd53,HOMERTON_PGRAD
mppl2,HOMERTON_PGRAD
mrm62,HOMERTON_PGRAD
mrs92,HOMERTON_PGRAD
ms2484,HOMERTON_PGRAD
ms2975,HOMERTON_PGRAD
ms3049,HOMERTON_PGRAD
msc86,HOMERTON_PGRAD
msl63,HOMERTON_PGRAD
msp54,HOMERTON_PGRAD
mt938,HOMERTON_PGRAD
mtny2,HOMERTON_PGRAD
mu279,HOMERTON_PGRAD
mu282,HOMERTON_PGRAD
muh22,HOMERTON_PGRAD
mv371,HOMERTON_PGRAD
mv538,HOMERTON_PGRAD
mw705,HOMERTON_PGRAD
mw902,HOMERTON_PGRAD
mwtp2,HOMERTON_PGRAD
mwvw2,HOMERTON_PGRAD
my427,HOMERTON_PGRAD
my428,HOMERTON_PGRAD
my430,HOMERTON_PGRAD
myl38,HOMERTON_PGRAD
mz480,HOMERTON_PGRAD
mz489,HOMERTON_PGRAD
na448,HOMERTON_PGRAD
na548,HOMERTON_PGRAD
na615,HOMERTON_PGRAD
na626,HOMERTON_PGRAD
nal34,HOMERTON_PGRAD
nat39,HOMERTON_PGRAD
nb562,HOMERTON_PGRAD
nb593,HOMERTON_PGRAD
nc439,HOMERTON_PGRAD
nc554,HOMERTON_PGRAD
nc564,HOMERTON_PGRAD
nc628,HOMERTON_PGRAD
nc635,HOMERTON_PGRAD
nf365,HOMERTON_PGRAD
nfj20,HOMERTON_PGRAD
nic22,HOMERTON_PGRAD
nj349,HOMERTON_PGRAD
nj369,HOMERTON_PGRAD
njg55,HOMERTON_PGRAD
njh75,HOMERTON_PGRAD
nk615,HOMERTON_PGRAD
nk642,HOMERTON_PGRAD
nkk31,HOMERTON_PGRAD
nkka2,HOMERTON_PGRAD
nm699,HOMERTON_PGRAD
nmr44,HOMERTON_PGRAD
nmy20,HOMERTON_PGRAD
nn365,HOMERTON_PGRAD
nn371,HOMERTON_PGRAD
nr513,HOMERTON_PGRAD
nrb51,HOMERTON_PGRAD
ns650,HOMERTON_PGRAD
ns799,HOMERTON_PGRAD
ns852,HOMERTON_PGRAD
nsc27,HOMERTON_PGRAD
nsc48,HOMERTON_PGRAD
nt477,HOMERTON_PGRAD
ny290,HOMERTON_PGRAD
nzi20,HOMERTON_PGRAD
ob271,HOMERTON_PGRAD
obb22,HOMERTON_PGRAD
ocd27,HOMERTON_PGRAD
oew26,HOMERTON_PGRAD
of276,HOMERTON_PGRAD
oi233,HOMERTON_PGRAD
oik24,HOMERTON_PGRAD
oja27,HOMERTON_PGRAD
ojga2,HOMERTON_PGRAD
okml2,HOMERTON_PGRAD
om359,HOMERTON_PGRAD
om360,HOMERTON_PGRAD
onh20,HOMERTON_PGRAD
or310,HOMERTON_PGRAD
os321,HOMERTON_PGRAD
os409,HOMERTON_PGRAD
os436,HOMERTON_PGRAD
osw25,HOMERTON_PGRAD
ot270,HOMERTON_PGRAD
pc686,HOMERTON_PGRAD
pc698,HOMERTON_PGRAD
pcx20,HOMERTON_PGRAD
pg550,HOMERTON_PGRAD
php24,HOMERTON_PGRAD
pjb219,HOMERTON_PGRAD
pkpk2,HOMERTON_PGRAD
pl354,HOMERTON_PGRAD
pl487,HOMERTON_PGRAD
ply21,HOMERTON_PGRAD
pm802,HOMERTON_PGRAD
pmg47,HOMERTON_PGRAD
pp517,HOMERTON_PGRAD
pp562,HOMERTON_PGRAD
pr475,HOMERTON_PGRAD
pre30,HOMERTON_PGRAD
ps816,HOMERTON_PGRAD
ps905,HOMERTON_PGRAD
pt464,HOMERTON_PGRAD
pu215,HOMERTON_PGRAD
pw532,HOMERTON_PGRAD
ql303,HOMERTON_PGRAD
qw275,HOMERTON_PGRAD
qw284,HOMERTON_PGRAD
qx228,HOMERTON_PGRAD
ra553,HOMERTON_PGRAD
ra661,HOMERTON_PGRAD
rap81,HOMERTON_PGRAD
rasd3,HOMERTON_PGRAD
rb538,HOMERTON_PGRAD
rb969,HOMERTON_PGRAD
rbg35,HOMERTON_PGRAD
rbr28,HOMERTON_PGRAD
rc939,HOMERTON_PGRAD
rcc56,HOMERTON_PGRAD
rcd51,HOMERTON_PGRAD
rd604,HOMERTON_PGRAD
rd714,HOMERTON_PGRAD
re352,HOMERTON_PGRAD
rek49,HOMERTON_PGRAD
ret59,HOMERTON_PGRAD
rf446,HOMERTON_PGRAD
rf509,HOMERTON_PGRAD
rh455,HOMERTON_PGRAD
rh777,HOMERTON_PGRAD
ri282,HOMERTON_PGRAD
rj10002,HOMERTON_PGRAD
rj452,HOMERTON_PGRAD
rl725,HOMERTON_PGRAD
rl751,HOMERTON_PGRAD
rla49,HOMERTON_PGRAD
rlr38,HOMERTON_PGRAD
rm2026,HOMERTON_PGRAD
rm2081,HOMERTON_PGRAD
rm2137,HOMERTON_PGRAD
rmj52,HOMERTON_PGRAD
rmw33,HOMERTON_PGRAD
rn426,HOMERTON_PGRAD
rp760,HOMERTON_PGRAD
rp764,HOMERTON_PGRAD
rry22,HOMERTON_PGRAD
rs2011,HOMERTON_PGRAD
rs2109,HOMERTON_PGRAD
rs2203,HOMERTON_PGRAD
rs2211,HOMERTON_PGRAD
rsn29,HOMERTON_PGRAD
rt476,HOMERTON_PGRAD
rtf21,HOMERTON_PGRAD
rts38,HOMERTON_PGRAD
rv380,HOMERTON_PGRAD
rw623,HOMERTON_PGRAD
rw691,HOMERTON_PGRAD
rwg26,HOMERTON_PGRAD
sa2062,HOMERTON_PGRAD
sa2083,HOMERTON_PGRAD
sa2169,HOMERTON_PGRAD
sa2223,HOMERTON_PGRAD
sa957,HOMERTON_PGRAD
sah231,HOMERTON_PGRAD
saw39,HOMERTON_PGRAD
sb2041,HOMERTON_PGRAD
sb2535,HOMERTON_PGRAD
sb2543,HOMERTON_PGRAD
sb2657,HOMERTON_PGRAD
sbc37,HOMERTON_PGRAD
sbk38,HOMERTON_PGRAD
sc2048,HOMERTON_PGRAD
sc2337,HOMERTON_PGRAD
sc2342,HOMERTON_PGRAD
sc2418,HOMERTON_PGRAD
sc823,HOMERTON_PGRAD
scb88,HOMERTON_PGRAD
scc79,HOMERTON_PGRAD
scr67,HOMERTON_PGRAD
sd2025,HOMERTON_PGRAD
sdc61,HOMERTON_PGRAD
sdh52,HOMERTON_PGRAD
sdm53,HOMERTON_PGRAD
se384,HOMERTON_PGRAD
se476,HOMERTON_PGRAD
ser78,HOMERTON_PGRAD
sew79,HOMERTON_PGRAD
sf768,HOMERTON_PGRAD
sfm40,HOMERTON_PGRAD
sg2152,HOMERTON_PGRAD
sgsg2,HOMERTON_PGRAD
sgw39,HOMERTON_PGRAD
sh2081,HOMERTON_PGRAD
sh2195,HOMERTON_PGRAD
sh2289,HOMERTON_PGRAD
shst2,HOMERTON_PGRAD
siy23,HOMERTON_PGRAD
sj647,HOMERTON_PGRAD
sj669,HOMERTON_PGRAD
sj689,HOMERTON_PGRAD
sja86,HOMERTON_PGRAD
sjc83,HOMERTON_PGRAD
sjl216,HOMERTON_PGRAD
sjs276,HOMERTON_PGRAD
sk2053,HOMERTON_PGRAD
sk2246,HOMERTON_PGRAD
ske29,HOMERTON_PGRAD
skh52,HOMERTON_PGRAD
sl2156,HOMERTON_PGRAD
sl2170,HOMERTON_PGRAD
sl2202,HOMERTON_PGRAD
slf54,HOMERTON_PGRAD
slh92,HOMERTON_PGRAD
slk65,HOMERTON_PGRAD
sll81,HOMERTON_PGRAD
slp80,HOMERTON_PGRAD
sm2688,HOMERTON_PGRAD
sm2761,HOMERTON_PGRAD
sm2772,HOMERTON_PGRAD
sm892,HOMERTON_PGRAD
sma96,HOMERTON_PGRAD
sn651,HOMERTON_PGRAD
sng34,HOMERTON_PGRAD
snn27,HOMERTON_PGRAD
so458,HOMERTON_PGRAD
sp2012,HOMERTON_PGRAD
sp2013,HOMERTON_PGRAD
sp2055,HOMERTON_PGRAD
sp2093,HOMERTON_PGRAD
sp2095,HOMERTON_PGRAD
sp2151,HOMERTON_PGRAD
spr41,HOMERTON_PGRAD
sr2059,HOMERTON_PGRAD
sr773,HOMERTON_PGRAD
srr44,HOMERTON_PGRAD
srs77,HOMERTON_PGRAD
ss2826,HOMERTON_PGRAD
ss2827,HOMERTON_PGRAD
ss2915,HOMERTON_PGRAD
ss2935,HOMERTON_PGRAD
ssb45,HOMERTON_PGRAD
sss68,HOMERTON_PGRAD
st774,HOMERTON_PGRAD
stc44,HOMERTON_PGRAD
sv471,HOMERTON_PGRAD
svd33,HOMERTON_PGRAD
sw2103,HOMERTON_PGRAD
sw940,HOMERTON_PGRAD
sw961,HOMERTON_PGRAD
swj23,HOMERTON_PGRAD
sws32,HOMERTON_PGRAD
sx264,HOMERTON_PGRAD
sy461,HOMERTON_PGRAD
sz384,HOMERTON_PGRAD
sz453,HOMERTON_PGRAD
ta227,HOMERTON_PGRAD
ta333,HOMERTON_PGRAD
ta554,HOMERTON_PGRAD
tae30,HOMERTON_PGRAD
tb781,HOMERTON_PGRAD
tc603,HOMERTON_PGRAD
tck31,HOMERTON_PGRAD
td430,HOMERTON_PGRAD
tgc23,HOMERTON_PGRAD
th300,HOMERTON_PGRAD
thh29,HOMERTON_PGRAD
thl44,HOMERTON_PGRAD
tik21,HOMERTON_PGRAD
tj340,HOMERTON_PGRAD
tj356,HOMERTON_PGRAD
tjmc4,HOMERTON_PGRAD
tk645,HOMERTON_PGRAD
tkbk2,HOMERTON_PGRAD
tkd29,HOMERTON_PGRAD
tkjl2,HOMERTON_PGRAD
tkmc2,HOMERTON_PGRAD
tknc2,HOMERTON_PGRAD
tku20,HOMERTON_PGRAD
tlmb2,HOMERTON_PGRAD
tly22,HOMERTON_PGRAD
tm621,HOMERTON_PGRAD
tm814,HOMERTON_PGRAD
tml57,HOMERTON_PGRAD
tp531,HOMERTON_PGRAD
tqt20,HOMERTON_PGRAD
tr517,HOMERTON_PGRAD
ts838,HOMERTON_PGRAD
tty24,HOMERTON_PGRAD
tw554,HOMERTON_PGRAD
tw582,HOMERTON_PGRAD
tw603,HOMERTON_PGRAD
twd25,HOMERTON_PGRAD
tz367,HOMERTON_PGRAD
tz368,HOMERTON_PGRAD
uan22,HOMERTON_PGRAD
usd20,HOMERTON_PGRAD
vac38,HOMERTON_PGRAD
vc402,HOMERTON_PGRAD
vd326,HOMERTON_PGRAD
ve226,HOMERTON_PGRAD
ve231,HOMERTON_PGRAD
vfdm2,HOMERTON_PGRAD
vh348,HOMERTON_PGRAD
vir22,HOMERTON_PGRAD
vjb40,HOMERTON_PGRAD
vjh33,HOMERTON_PGRAD
vls33,HOMERTON_PGRAD
vm459,HOMERTON_PGRAD
vp376,HOMERTON_PGRAD
vp408,HOMERTON_PGRAD
vr353,HOMERTON_PGRAD
vs438,HOMERTON_PGRAD
vs561,HOMERTON_PGRAD
vw297,HOMERTON_PGRAD
wbs24,HOMERTON_PGRAD
wdm28,HOMERTON_PGRAD
wjac3,HOMERTON_PGRAD
wl429,HOMERTON_PGRAD
wm315,HOMERTON_PGRAD
wm358,HOMERTON_PGRAD
wmg24,HOMERTON_PGRAD
wn238,HOMERTON_PGRAD
ws343,HOMERTON_PGRAD
wsy24,HOMERTON_PGRAD
ww257,HOMERTON_PGRAD
ww412,HOMERTON_PGRAD
wx259,HOMERTON_PGRAD
wz361,HOMERTON_PGRAD
xh334,HOMERTON_PGRAD
xj259,HOMERTON_PGRAD
xl390,HOMERTON_PGRAD
xl495,HOMERTON_PGRAD
xlw23,HOMERTON_PGRAD
xqw20,HOMERTON_PGRAD
xx806,HOMERTON_PGRAD
xy333,HOMERTON_PGRAD
xy337,HOMERTON_PGRAD
xz391,HOMERTON_PGRAD
xz453,HOMERTON_PGRAD
xz476,HOMERTON_PGRAD
xz522,HOMERTON_PGRAD
ybw21,HOMERTON_PGRAD
yc552,HOMERTON_PGRAD
yc554,HOMERTON_PGRAD
ycl68,HOMERTON_PGRAD
yd280,HOMERTON_PGRAD
yd331,HOMERTON_PGRAD
yg405,HOMERTON_PGRAD
yg424,HOMERTON_PGRAD
yg431,HOMERTON_PGRAD
yh537,HOMERTON_PGRAD
yh556,HOMERTON_PGRAD
yhh36,HOMERTON_PGRAD
yik22,HOMERTON_PGRAD
yj310,HOMERTON_PGRAD
yj363,HOMERTON_PGRAD
yl2023,HOMERTON_PGRAD
yl752,HOMERTON_PGRAD
yl873,HOMERTON_PGRAD
yq254,HOMERTON_PGRAD
ys633,HOMERTON_PGRAD
ysl43,HOMERTON_PGRAD
yw565,HOMERTON_PGRAD
yw614,HOMERTON_PGRAD
yw630,HOMERTON_PGRAD
yw651,HOMERTON_PGRAD
yw693,HOMERTON_PGRAD
yx379,HOMERTON_PGRAD
yx382,HOMERTON_PGRAD
yx384,HOMERTON_PGRAD
yz625,HOMERTON_PGRAD
yz741,HOMERTON_PGRAD
yz831,HOMERTON_PGRAD
yz850,HOMERTON_PGRAD
yz860,HOMERTON_PGRAD
za320,HOMERTON_PGRAD
za330,HOMERTON_PGRAD
zb264,HOMERTON_PGRAD
zb266,HOMERTON_PGRAD
zc323,HOMERTON_PGRAD
zc373,HOMERTON_PGRAD
zejh2,HOMERTON_PGRAD
zfd20,HOMERTON_PGRAD
zga20,HOMERTON_PGRAD
zjd22,HOMERTON_PGRAD
zkb20,HOMERTON_PGRAD
zkc20,HOMERTON_PGRAD
zl555,HOMERTON_PGRAD
zm333,HOMERTON_PGRAD
zp274,HOMERTON_PGRAD
zs438,HOMERTON_PGRAD
zt241,HOMERTON_PGRAD
zt243,HOMERTON_PGRAD
zu207,HOMERTON_PGRAD
zw391,HOMERTON_PGRAD
zw435,HOMERTON_PGRAD
zz442,HOMERTON_PGRAD
ab2171,HOMERTON_STAFF
ab2826,HOMERTON_STAFF
ab2839,HOMERTON_STAFF
ab598,HOMERTON_STAFF
acla2,HOMERTON_STAFF
ad652,HOMERTON_STAFF
ad741,HOMERTON_STAFF
ag2131,HOMERTON_STAFF
ag916,HOMERTON_STAFF
ah2032,HOMERTON_STAFF
ajew3,HOMERTON_STAFF
ajm245,HOMERTON_STAFF
ak2490,HOMERTON_STAFF
am2477,HOMERTON_STAFF
am2685,HOMERTON_STAFF
am2701,HOMERTON_STAFF
am3278,HOMERTON_STAFF
amc228,HOMERTON_STAFF
ame32,HOMERTON_STAFF
amh211,HOMERTON_STAFF
an559,HOMERTON_STAFF
an564,HOMERTON_STAFF
ao529,HOMERTON_STAFF
atrmdn2,HOMERTON_STAFF
avo23,HOMERTON_STAFF
aw967,HOMERTON_STAFF
baw35,HOMERTON_STAFF
bb383,HOMERTON_STAFF
bcw30,HOMERTON_STAFF
be287,HOMERTON_STAFF
bfb25,HOMERTON_STAFF
bg468,HOMERTON_STAFF
bh562,HOMERTON_STAFF
bjw60,HOMERTON_STAFF
bk403,HOMERTON_STAFF
bk437,HOMERTON_STAFF
bp305,HOMERTON_STAFF
bp433,HOMERTON_STAFF
cb2202,HOMERTON_STAFF
cb521,HOMERTON_STAFF
cb632,HOMERTON_STAFF
cb880,HOMERTON_STAFF
cc887,HOMERTON_STAFF
cca27,HOMERTON_STAFF
cd236,HOMERTON_STAFF
cd530,HOMERTON_STAFF
ceh25,HOMERTON_STAFF
cg518,HOMERTON_STAFF
cg538,HOMERTON_STAFF
ch299,HOMERTON_STAFF
ch849,HOMERTON_STAFF
cj431,HOMERTON_STAFF
clb73,HOMERTON_STAFF
clh80,HOMERTON_STAFF
cls95,HOMERTON_STAFF
cm489,HOMERTON_STAFF
cm517,HOMERTON_STAFF
cnb21,HOMERTON_STAFF
cnt21,HOMERTON_STAFF
coh22,HOMERTON_STAFF
cps41,HOMERTON_STAFF
cr391,HOMERTON_STAFF
cr569,HOMERTON_STAFF
cs780,HOMERTON_STAFF
ct223,HOMERTON_STAFF
ct586,HOMERTON_STAFF
daw36,HOMERTON_STAFF
db347,HOMERTON_STAFF
db586,HOMERTON_STAFF
dc213,HOMERTON_STAFF
dc890,HOMERTON_STAFF
dc891,HOMERTON_STAFF
de322,HOMERTON_STAFF
dec29,HOMERTON_STAFF
dg272,HOMERTON_STAFF
dg430,HOMERTON_STAFF
dg666,HOMERTON_STAFF
dg668,HOMERTON_STAFF
djhc2,HOMERTON_STAFF
dk211,HOMERTON_STAFF
dk683,HOMERTON_STAFF
dl331,HOMERTON_STAFF
do312,HOMERTON_STAFF
do332,HOMERTON_STAFF
dp470,HOMERTON_STAFF
dp566,HOMERTON_STAFF
ds999,HOMERTON_STAFF
dsv21,HOMERTON_STAFF
dt562,HOMERTON_STAFF
ea627,HOMERTON_STAFF
ead57,HOMERTON_STAFF
eat20,HOMERTON_STAFF
ec683,HOMERTON_STAFF
eds24,HOMERTON_STAFF
ej370,HOMERTON_STAFF
et418,HOMERTON_STAFF
et547,HOMERTON_STAFF
ew208,HOMERTON_STAFF
fg371,HOMERTON_STAFF
fjp27,HOMERTON_STAFF
fm473,HOMERTON_STAFF
fplm2,HOMERTON_STAFF
frb30,HOMERTON_STAFF
gah27,HOMERTON_STAFF
gc234,HOMERTON_STAFF
gh535,HOMERTON_STAFF
gm410,HOMERTON_STAFF
gs593,HOMERTON_STAFF
gt326,HOMERTON_STAFF
gw355,HOMERTON_STAFF
ha329,HOMERTON_STAFF
hc519,HOMERTON_STAFF
hdjw2,HOMERTON_STAFF
hf399,HOMERTON_STAFF
hmm38,HOMERTON_STAFF
ib393,HOMERTON_STAFF
ibu20,HOMERTON_STAFF
ihm2,HOMERTON_STAFF
ij232,HOMERTON_STAFF
im324,HOMERTON_STAFF
im548,HOMERTON_STAFF
im555,HOMERTON_STAFF
io233,HOMERTON_STAFF
ip335,HOMERTON_STAFF
jas221,HOMERTON_STAFF
jb2057,HOMERTON_STAFF
jb267,HOMERTON_STAFF
jb719,HOMERTON_STAFF
jc2029,HOMERTON_STAFF
jc650,HOMERTON_STAFF
jck33,HOMERTON_STAFF
jcl25,HOMERTON_STAFF
jd545,HOMERTON_STAFF
jd913,HOMERTON_STAFF
je473,HOMERTON_STAFF
jeh40,HOMERTON_STAFF
jes224,HOMERTON_STAFF
jg2094,HOMERTON_STAFF
jg841,HOMERTON_STAFF
jgc29,HOMERTON_STAFF
jm2286,HOMERTON_STAFF
jm2347,HOMERTON_STAFF
jm917,HOMERTON_STAFF
jmg1004,HOMERTON_STAFF
jo277,HOMERTON_STAFF
jp2006,HOMERTON_STAFF
jp555,HOMERTON_STAFF
jp956,HOMERTON_STAFF
jpd50,HOMERTON_STAFF
jpjm2,HOMERTON_STAFF
jr633,HOMERTON_STAFF
js2097,HOMERTON_STAFF
jw668,HOMERTON_STAFF
jwt35,HOMERTON_STAFF
kab49,HOMERTON_STAFF
kc355,HOMERTON_STAFF
kg441,HOMERTON_STAFF
kh473,HOMERTON_STAFF
kja41,HOMERTON_STAFF
klm51,HOMERTON_STAFF
km467,HOMERTON_STAFF
km815,HOMERTON_STAFF
kn410,HOMERTON_STAFF
kp10002,HOMERTON_STAFF
ks733,HOMERTON_STAFF
kvb20,HOMERTON_STAFF
laor2,HOMERTON_STAFF
ld452,HOMERTON_STAFF
lh258,HOMERTON_STAFF
lh274,HOMERTON_STAFF
lh818,HOMERTON_STAFF
lh859,HOMERTON_STAFF
ljb57,HOMERTON_STAFF
ll412,HOMERTON_STAFF
lp547,HOMERTON_STAFF
lr536,HOMERTON_STAFF
ls980,HOMERTON_STAFF
lst29,HOMERTON_STAFF
lt431,HOMERTON_STAFF
lu211,HOMERTON_STAFF
lw568,HOMERTON_STAFF
ma2092,HOMERTON_STAFF
ma990,HOMERTON_STAFF
maa70,HOMERTON_STAFF
mb2040,HOMERTON_STAFF
mc2003,HOMERTON_STAFF
mc2222,HOMERTON_STAFF
mc423,HOMERTON_STAFF
mf683,HOMERTON_STAFF
mgm25,HOMERTON_STAFF
mh278,HOMERTON_STAFF
mis36,HOMERTON_STAFF
mjc289,HOMERTON_STAFF
mjd66,HOMERTON_STAFF
mjk32,HOMERTON_STAFF
mjw29,HOMERTON_STAFF
mm2533,HOMERTON_STAFF
mm2794,HOMERTON_STAFF
mm2812,HOMERTON_STAFF
mn351,HOMERTON_STAFF
mn393,HOMERTON_STAFF
mnhm2,HOMERTON_STAFF
moo26,HOMERTON_STAFF
mp2151,HOMERTON_STAFF
mrhs2,HOMERTON_STAFF
mry20,HOMERTON_STAFF
ms104,HOMERTON_STAFF
ms2073,HOMERTON_STAFF
msradm2,HOMERTON_STAFF
mw484,HOMERTON_STAFF
mw646,HOMERTON_STAFF
mw698,HOMERTON_STAFF
na457,HOMERTON_STAFF
nd312,HOMERTON_STAFF
nd361,HOMERTON_STAFF
nd483,HOMERTON_STAFF
ng451,HOMERTON_STAFF
njc46,HOMERTON_STAFF
nkd25,HOMERTON_STAFF
nl431,HOMERTON_STAFF
oc362,HOMERTON_STAFF
ol290,HOMERTON_STAFF
ot226,HOMERTON_STAFF
ot270,HOMERTON_STAFF
pb29,HOMERTON_STAFF
pdtwm2,HOMERTON_STAFF
pf390,HOMERTON_STAFF
ph492,HOMERTON_STAFF
phr21,HOMERTON_STAFF
pk338,HOMERTON_STAFF
pl312,HOMERTON_STAFF
plj22,HOMERTON_STAFF
pmm24,HOMERTON_STAFF
pmw21,HOMERTON_STAFF
po242,HOMERTON_STAFF
ps233,HOMERTON_STAFF
ps893,HOMERTON_STAFF
ps986,HOMERTON_STAFF
ptw21,HOMERTON_STAFF
pw125,HOMERTON_STAFF
ra475,HOMERTON_STAFF
rb2045,HOMERTON_STAFF
rbs30,HOMERTON_STAFF
rd629,HOMERTON_STAFF
rdh27,HOMERTON_STAFF
re352,HOMERTON_STAFF
reas2,HOMERTON_STAFF
rerb2,HOMERTON_STAFF
rg292,HOMERTON_STAFF
rgd20,HOMERTON_STAFF
rj443,HOMERTON_STAFF
rl623,HOMERTON_STAFF
rmw33,HOMERTON_STAFF
rncp2,HOMERTON_STAFF
rpw31,HOMERTON_STAFF
rs980,HOMERTON_STAFF
rsk21,HOMERTON_STAFF
rt470,HOMERTON_STAFF
rt489,HOMERTON_STAFF
rvw26,HOMERTON_STAFF
sb2026,HOMERTON_STAFF
sb2636,HOMERTON_STAFF
sc2405,HOMERTON_STAFF
sc2469,HOMERTON_STAFF
sdn31,HOMERTON_STAFF
ser12,HOMERTON_STAFF
sf674,HOMERTON_STAFF
sg2092,HOMERTON_STAFF
sg641,HOMERTON_STAFF
sg756,HOMERTON_STAFF
sg889,HOMERTON_STAFF
sj594,HOMERTON_STAFF
sjh260,HOMERTON_STAFF
sjw47,HOMERTON_STAFF
sl2179,HOMERTON_STAFF
slk33,HOMERTON_STAFF
sm2749,HOMERTON_STAFF
smc209,HOMERTON_STAFF
sn578,HOMERTON_STAFF
spt22,HOMERTON_STAFF
ss2721,HOMERTON_STAFF
ss2888,HOMERTON_STAFF
ss893,HOMERTON_STAFF
st223,HOMERTON_STAFF
st904,HOMERTON_STAFF
sw2010,HOMERTON_STAFF
sw235,HOMERTON_STAFF
swe22,HOMERTON_STAFF
tce20,HOMERTON_STAFF
tg518,HOMERTON_STAFF
tjb43,HOMERTON_STAFF
tje31,HOMERTON_STAFF
tlg25,HOMERTON_STAFF
tp443,HOMERTON_STAFF
tr493,HOMERTON_STAFF
ts649,HOMERTON_STAFF
ts902,HOMERTON_STAFF
tw292,HOMERTON_STAFF
umm10,HOMERTON_STAFF
vkv23,HOMERTON_STAFF
vm354,HOMERTON_STAFF
whf22,HOMERTON_STAFF
wjf29,HOMERTON_STAFF
zl348,HOMERTON_STAFF
